File ID,Hoofdcompetentie,Subcompetentie,Percentage
bbb0d942-a1c9-5a2d-a36b-2ab007243a1f,Persoonlijke gerichtheid,Initiatief,27
bbb0d942-a1c9-5a2d-a36b-2ab007243a1f,Persoonlijke gerichtheid,Besluitvaardigheid,31
bbb0d942-a1c9-5a2d-a36b-2ab007243a1f,Persoonlijke gerichtheid,Flexibiliteit,57
bbb0d942-a1c9-5a2d-a36b-2ab007243a1f,Persoonlijke gerichtheid,Stressbestendigheid,63
bbb0d942-a1c9-5a2d-a36b-2ab007243a1f,Persoonlijke gerichtheid,Ambitie,37
bbb0d942-a1c9-5a2d-a36b-2ab007243a1f,Persoonlijke gerichtheid,Zelfstandigheid,51
bbb0d942-a1c9-5a2d-a36b-2ab007243a1f,Persoonlijke gerichtheid,Doorzettingsvermogen,46
bbb0d942-a1c9-5a2d-a36b-2ab007243a1f,Persoonlijke gerichtheid,Resultaatgerichtheid,33
bbb0d942-a1c9-5a2d-a36b-2ab007243a1f,Persoonlijke gerichtheid,Leerbereidheid,73
bbb0d942-a1c9-5a2d-a36b-2ab007243a1f,Persoonlijke gerichtheid,Inzet,30
bbb0d942-a1c9-5a2d-a36b-2ab007243a1f,Persoonlijke gerichtheid,Nauwkeurigheid,25
bbb0d942-a1c9-5a2d-a36b-2ab007243a1f,Organisatiegerichtheid,Organisatiesensitiviteit,50
bbb0d942-a1c9-5a2d-a36b-2ab007243a1f,Organisatiegerichtheid,Klantoriëntatie,50
bbb0d942-a1c9-5a2d-a36b-2ab007243a1f,Organisatiegerichtheid,Kwaliteitsgerichtheid,29
bbb0d942-a1c9-5a2d-a36b-2ab007243a1f,Organisatiegerichtheid,Ondernemerschap,38
bbb0d942-a1c9-5a2d-a36b-2ab007243a1f,Beïnvloedend vermogen,Overtuigingskracht,49
bbb0d942-a1c9-5a2d-a36b-2ab007243a1f,Beïnvloedend vermogen,Aansturen van groepen,36
bbb0d942-a1c9-5a2d-a36b-2ab007243a1f,Beïnvloedend vermogen,Aansturen van individuen,36
bbb0d942-a1c9-5a2d-a36b-2ab007243a1f,Beïnvloedend vermogen,Coachen van medewerkers,52
bbb0d942-a1c9-5a2d-a36b-2ab007243a1f,Beïnvloedend vermogen,Onderhandelen,46
bbb0d942-a1c9-5a2d-a36b-2ab007243a1f,Organisatie vermogen,Plannen en organiseren,33
bbb0d942-a1c9-5a2d-a36b-2ab007243a1f,Organisatie vermogen,Delegeren,46
bbb0d942-a1c9-5a2d-a36b-2ab007243a1f,Organisatie vermogen,Voortgangscontrole,27
bbb0d942-a1c9-5a2d-a36b-2ab007243a1f,Relationeel vermogen,Sensitiviteit,60
bbb0d942-a1c9-5a2d-a36b-2ab007243a1f,Relationeel vermogen,Samenwerking,43
bbb0d942-a1c9-5a2d-a36b-2ab007243a1f,Relationeel vermogen,Optreden,24
bbb0d942-a1c9-5a2d-a36b-2ab007243a1f,Relationeel vermogen,Relatiebeheer,19
bbb0d942-a1c9-5a2d-a36b-2ab007243a1f,Relationeel vermogen,Sociabiliteit,41
bbb0d942-a1c9-5a2d-a36b-2ab007243a1f,Relationeel vermogen,Assertiviteit,37
5c0747ca-674f-5dcd-aa3d-0dda5a77c658,Persoonlijke gerichtheid,Initiatief,75
5c0747ca-674f-5dcd-aa3d-0dda5a77c658,Persoonlijke gerichtheid,Besluitvaardigheid,48
5c0747ca-674f-5dcd-aa3d-0dda5a77c658,Persoonlijke gerichtheid,Flexibiliteit,72
5c0747ca-674f-5dcd-aa3d-0dda5a77c658,Persoonlijke gerichtheid,Stressbestendigheid,67
5c0747ca-674f-5dcd-aa3d-0dda5a77c658,Persoonlijke gerichtheid,Ambitie,63
5c0747ca-674f-5dcd-aa3d-0dda5a77c658,Persoonlijke gerichtheid,Zelfstandigheid,31
5c0747ca-674f-5dcd-aa3d-0dda5a77c658,Persoonlijke gerichtheid,Doorzettingsvermogen,54
5c0747ca-674f-5dcd-aa3d-0dda5a77c658,Persoonlijke gerichtheid,Resultaatgerichtheid,53
5c0747ca-674f-5dcd-aa3d-0dda5a77c658,Persoonlijke gerichtheid,Leerbereidheid,62
5c0747ca-674f-5dcd-aa3d-0dda5a77c658,Persoonlijke gerichtheid,Inzet,66
5c0747ca-674f-5dcd-aa3d-0dda5a77c658,Persoonlijke gerichtheid,Nauwkeurigheid,64
5c0747ca-674f-5dcd-aa3d-0dda5a77c658,Organisatiegerichtheid,Organisatiesensitiviteit,62
5c0747ca-674f-5dcd-aa3d-0dda5a77c658,Organisatiegerichtheid,Klantoriëntatie,69
5c0747ca-674f-5dcd-aa3d-0dda5a77c658,Organisatiegerichtheid,Kwaliteitsgerichtheid,63
5c0747ca-674f-5dcd-aa3d-0dda5a77c658,Organisatiegerichtheid,Ondernemerschap,66
5c0747ca-674f-5dcd-aa3d-0dda5a77c658,Beïnvloedend vermogen,Overtuigingskracht,67
5c0747ca-674f-5dcd-aa3d-0dda5a77c658,Beïnvloedend vermogen,Aansturen van groepen,60
5c0747ca-674f-5dcd-aa3d-0dda5a77c658,Beïnvloedend vermogen,Aansturen van individuen,69
5c0747ca-674f-5dcd-aa3d-0dda5a77c658,Beïnvloedend vermogen,Coachen van medewerkers,64
5c0747ca-674f-5dcd-aa3d-0dda5a77c658,Beïnvloedend vermogen,Onderhandelen,58
5c0747ca-674f-5dcd-aa3d-0dda5a77c658,Organisatie vermogen,Plannen en organiseren,64
5c0747ca-674f-5dcd-aa3d-0dda5a77c658,Organisatie vermogen,Delegeren,75
5c0747ca-674f-5dcd-aa3d-0dda5a77c658,Organisatie vermogen,Voortgangscontrole,65
5c0747ca-674f-5dcd-aa3d-0dda5a77c658,Relationeel vermogen,Sensitiviteit,71
5c0747ca-674f-5dcd-aa3d-0dda5a77c658,Relationeel vermogen,Samenwerking,75
5c0747ca-674f-5dcd-aa3d-0dda5a77c658,Relationeel vermogen,Optreden,69
5c0747ca-674f-5dcd-aa3d-0dda5a77c658,Relationeel vermogen,Relatiebeheer,83
5c0747ca-674f-5dcd-aa3d-0dda5a77c658,Relationeel vermogen,Sociabiliteit,75
5c0747ca-674f-5dcd-aa3d-0dda5a77c658,Relationeel vermogen,Assertiviteit,51
06f319de-6e2d-596f-a545-d3fed5b048f1,Persoonlijke gerichtheid,Initiatief,35
06f319de-6e2d-596f-a545-d3fed5b048f1,Persoonlijke gerichtheid,Besluitvaardigheid,50
06f319de-6e2d-596f-a545-d3fed5b048f1,Persoonlijke gerichtheid,Flexibiliteit,34
06f319de-6e2d-596f-a545-d3fed5b048f1,Persoonlijke gerichtheid,Stressbestendigheid,41
06f319de-6e2d-596f-a545-d3fed5b048f1,Persoonlijke gerichtheid,Ambitie,59
06f319de-6e2d-596f-a545-d3fed5b048f1,Persoonlijke gerichtheid,Zelfstandigheid,63
06f319de-6e2d-596f-a545-d3fed5b048f1,Persoonlijke gerichtheid,Doorzettingsvermogen,44
06f319de-6e2d-596f-a545-d3fed5b048f1,Persoonlijke gerichtheid,Resultaatgerichtheid,53
06f319de-6e2d-596f-a545-d3fed5b048f1,Persoonlijke gerichtheid,Leerbereidheid,54
06f319de-6e2d-596f-a545-d3fed5b048f1,Persoonlijke gerichtheid,Inzet,36
06f319de-6e2d-596f-a545-d3fed5b048f1,Persoonlijke gerichtheid,Nauwkeurigheid,59
06f319de-6e2d-596f-a545-d3fed5b048f1,Organisatiegerichtheid,Organisatiesensitiviteit,39
06f319de-6e2d-596f-a545-d3fed5b048f1,Organisatiegerichtheid,Klantoriëntatie,45
06f319de-6e2d-596f-a545-d3fed5b048f1,Organisatiegerichtheid,Kwaliteitsgerichtheid,59
06f319de-6e2d-596f-a545-d3fed5b048f1,Organisatiegerichtheid,Ondernemerschap,44
06f319de-6e2d-596f-a545-d3fed5b048f1,Beïnvloedend vermogen,Overtuigingskracht,47
06f319de-6e2d-596f-a545-d3fed5b048f1,Beïnvloedend vermogen,Aansturen van groepen,45
06f319de-6e2d-596f-a545-d3fed5b048f1,Beïnvloedend vermogen,Aansturen van individuen,51
06f319de-6e2d-596f-a545-d3fed5b048f1,Beïnvloedend vermogen,Coachen van medewerkers,54
06f319de-6e2d-596f-a545-d3fed5b048f1,Beïnvloedend vermogen,Onderhandelen,49
06f319de-6e2d-596f-a545-d3fed5b048f1,Organisatie vermogen,Plannen en organiseren,43
06f319de-6e2d-596f-a545-d3fed5b048f1,Organisatie vermogen,Delegeren,39
06f319de-6e2d-596f-a545-d3fed5b048f1,Organisatie vermogen,Voortgangscontrole,50
06f319de-6e2d-596f-a545-d3fed5b048f1,Relationeel vermogen,Sensitiviteit,47
06f319de-6e2d-596f-a545-d3fed5b048f1,Relationeel vermogen,Samenwerking,30
06f319de-6e2d-596f-a545-d3fed5b048f1,Relationeel vermogen,Optreden,45
06f319de-6e2d-596f-a545-d3fed5b048f1,Relationeel vermogen,Relatiebeheer,37
06f319de-6e2d-596f-a545-d3fed5b048f1,Relationeel vermogen,Sociabiliteit,42
06f319de-6e2d-596f-a545-d3fed5b048f1,Relationeel vermogen,Assertiviteit,46
a5bc65f4-cbe4-5303-9ac4-0a97089e3ec2,Persoonlijke gerichtheid,Initiatief,55
a5bc65f4-cbe4-5303-9ac4-0a97089e3ec2,Persoonlijke gerichtheid,Besluitvaardigheid,60
a5bc65f4-cbe4-5303-9ac4-0a97089e3ec2,Persoonlijke gerichtheid,Flexibiliteit,28
a5bc65f4-cbe4-5303-9ac4-0a97089e3ec2,Persoonlijke gerichtheid,Stressbestendigheid,54
a5bc65f4-cbe4-5303-9ac4-0a97089e3ec2,Persoonlijke gerichtheid,Ambitie,46
a5bc65f4-cbe4-5303-9ac4-0a97089e3ec2,Persoonlijke gerichtheid,Zelfstandigheid,58
a5bc65f4-cbe4-5303-9ac4-0a97089e3ec2,Persoonlijke gerichtheid,Doorzettingsvermogen,46
a5bc65f4-cbe4-5303-9ac4-0a97089e3ec2,Persoonlijke gerichtheid,Resultaatgerichtheid,47
a5bc65f4-cbe4-5303-9ac4-0a97089e3ec2,Persoonlijke gerichtheid,Leerbereidheid,28
a5bc65f4-cbe4-5303-9ac4-0a97089e3ec2,Persoonlijke gerichtheid,Inzet,47
a5bc65f4-cbe4-5303-9ac4-0a97089e3ec2,Persoonlijke gerichtheid,Nauwkeurigheid,49
a5bc65f4-cbe4-5303-9ac4-0a97089e3ec2,Organisatiegerichtheid,Organisatiesensitiviteit,38
a5bc65f4-cbe4-5303-9ac4-0a97089e3ec2,Organisatiegerichtheid,Klantoriëntatie,48
a5bc65f4-cbe4-5303-9ac4-0a97089e3ec2,Organisatiegerichtheid,Kwaliteitsgerichtheid,46
a5bc65f4-cbe4-5303-9ac4-0a97089e3ec2,Organisatiegerichtheid,Ondernemerschap,49
a5bc65f4-cbe4-5303-9ac4-0a97089e3ec2,Beïnvloedend vermogen,Overtuigingskracht,57
a5bc65f4-cbe4-5303-9ac4-0a97089e3ec2,Beïnvloedend vermogen,Aansturen van groepen,62
a5bc65f4-cbe4-5303-9ac4-0a97089e3ec2,Beïnvloedend vermogen,Aansturen van individuen,56
a5bc65f4-cbe4-5303-9ac4-0a97089e3ec2,Beïnvloedend vermogen,Coachen van medewerkers,52
a5bc65f4-cbe4-5303-9ac4-0a97089e3ec2,Beïnvloedend vermogen,Onderhandelen,49
a5bc65f4-cbe4-5303-9ac4-0a97089e3ec2,Organisatie vermogen,Plannen en organiseren,44
a5bc65f4-cbe4-5303-9ac4-0a97089e3ec2,Organisatie vermogen,Delegeren,63
a5bc65f4-cbe4-5303-9ac4-0a97089e3ec2,Organisatie vermogen,Voortgangscontrole,50
a5bc65f4-cbe4-5303-9ac4-0a97089e3ec2,Relationeel vermogen,Sensitiviteit,44
a5bc65f4-cbe4-5303-9ac4-0a97089e3ec2,Relationeel vermogen,Samenwerking,59
a5bc65f4-cbe4-5303-9ac4-0a97089e3ec2,Relationeel vermogen,Optreden,54
a5bc65f4-cbe4-5303-9ac4-0a97089e3ec2,Relationeel vermogen,Relatiebeheer,50
a5bc65f4-cbe4-5303-9ac4-0a97089e3ec2,Relationeel vermogen,Sociabiliteit,58
a5bc65f4-cbe4-5303-9ac4-0a97089e3ec2,Relationeel vermogen,Assertiviteit,55
34b25cea-5d13-521f-a7ee-5ab4d31bb7cf,Persoonlijke gerichtheid,Initiatief,14
34b25cea-5d13-521f-a7ee-5ab4d31bb7cf,Persoonlijke gerichtheid,Besluitvaardigheid,24
34b25cea-5d13-521f-a7ee-5ab4d31bb7cf,Persoonlijke gerichtheid,Flexibiliteit,27
34b25cea-5d13-521f-a7ee-5ab4d31bb7cf,Persoonlijke gerichtheid,Stressbestendigheid,21
34b25cea-5d13-521f-a7ee-5ab4d31bb7cf,Persoonlijke gerichtheid,Ambitie,14
34b25cea-5d13-521f-a7ee-5ab4d31bb7cf,Persoonlijke gerichtheid,Zelfstandigheid,28
34b25cea-5d13-521f-a7ee-5ab4d31bb7cf,Persoonlijke gerichtheid,Doorzettingsvermogen,18
34b25cea-5d13-521f-a7ee-5ab4d31bb7cf,Persoonlijke gerichtheid,Resultaatgerichtheid,9
34b25cea-5d13-521f-a7ee-5ab4d31bb7cf,Persoonlijke gerichtheid,Leerbereidheid,33
34b25cea-5d13-521f-a7ee-5ab4d31bb7cf,Persoonlijke gerichtheid,Inzet,8
34b25cea-5d13-521f-a7ee-5ab4d31bb7cf,Persoonlijke gerichtheid,Nauwkeurigheid,41
34b25cea-5d13-521f-a7ee-5ab4d31bb7cf,Organisatiegerichtheid,Organisatiesensitiviteit,47
34b25cea-5d13-521f-a7ee-5ab4d31bb7cf,Organisatiegerichtheid,Klantoriëntatie,25
34b25cea-5d13-521f-a7ee-5ab4d31bb7cf,Organisatiegerichtheid,Kwaliteitsgerichtheid,41
34b25cea-5d13-521f-a7ee-5ab4d31bb7cf,Organisatiegerichtheid,Ondernemerschap,20
34b25cea-5d13-521f-a7ee-5ab4d31bb7cf,Beïnvloedend vermogen,Overtuigingskracht,20
34b25cea-5d13-521f-a7ee-5ab4d31bb7cf,Beïnvloedend vermogen,Aansturen van groepen,28
34b25cea-5d13-521f-a7ee-5ab4d31bb7cf,Beïnvloedend vermogen,Aansturen van individuen,20
34b25cea-5d13-521f-a7ee-5ab4d31bb7cf,Beïnvloedend vermogen,Coachen van medewerkers,32
34b25cea-5d13-521f-a7ee-5ab4d31bb7cf,Beïnvloedend vermogen,Onderhandelen,24
34b25cea-5d13-521f-a7ee-5ab4d31bb7cf,Organisatie vermogen,Plannen en organiseren,23
34b25cea-5d13-521f-a7ee-5ab4d31bb7cf,Organisatie vermogen,Delegeren,27
34b25cea-5d13-521f-a7ee-5ab4d31bb7cf,Organisatie vermogen,Voortgangscontrole,22
34b25cea-5d13-521f-a7ee-5ab4d31bb7cf,Relationeel vermogen,Sensitiviteit,37
34b25cea-5d13-521f-a7ee-5ab4d31bb7cf,Relationeel vermogen,Samenwerking,40
34b25cea-5d13-521f-a7ee-5ab4d31bb7cf,Relationeel vermogen,Optreden,13
34b25cea-5d13-521f-a7ee-5ab4d31bb7cf,Relationeel vermogen,Relatiebeheer,17
34b25cea-5d13-521f-a7ee-5ab4d31bb7cf,Relationeel vermogen,Sociabiliteit,20
34b25cea-5d13-521f-a7ee-5ab4d31bb7cf,Relationeel vermogen,Assertiviteit,27
061a8da0-102b-58ec-9536-67e4018e4894,Persoonlijke gerichtheid,Initiatief,42
061a8da0-102b-58ec-9536-67e4018e4894,Persoonlijke gerichtheid,Besluitvaardigheid,37
061a8da0-102b-58ec-9536-67e4018e4894,Persoonlijke gerichtheid,Flexibiliteit,71
061a8da0-102b-58ec-9536-67e4018e4894,Persoonlijke gerichtheid,Stressbestendigheid,79
061a8da0-102b-58ec-9536-67e4018e4894,Persoonlijke gerichtheid,Ambitie,79
061a8da0-102b-58ec-9536-67e4018e4894,Persoonlijke gerichtheid,Zelfstandigheid,52
061a8da0-102b-58ec-9536-67e4018e4894,Persoonlijke gerichtheid,Doorzettingsvermogen,61
061a8da0-102b-58ec-9536-67e4018e4894,Persoonlijke gerichtheid,Resultaatgerichtheid,65
061a8da0-102b-58ec-9536-67e4018e4894,Persoonlijke gerichtheid,Leerbereidheid,81
061a8da0-102b-58ec-9536-67e4018e4894,Persoonlijke gerichtheid,Inzet,55
061a8da0-102b-58ec-9536-67e4018e4894,Persoonlijke gerichtheid,Nauwkeurigheid,46
061a8da0-102b-58ec-9536-67e4018e4894,Organisatiegerichtheid,Organisatiesensitiviteit,56
061a8da0-102b-58ec-9536-67e4018e4894,Organisatiegerichtheid,Klantoriëntatie,62
061a8da0-102b-58ec-9536-67e4018e4894,Organisatiegerichtheid,Kwaliteitsgerichtheid,54
061a8da0-102b-58ec-9536-67e4018e4894,Organisatiegerichtheid,Ondernemerschap,57
061a8da0-102b-58ec-9536-67e4018e4894,Beïnvloedend vermogen,Overtuigingskracht,55
061a8da0-102b-58ec-9536-67e4018e4894,Beïnvloedend vermogen,Aansturen van groepen,52
061a8da0-102b-58ec-9536-67e4018e4894,Beïnvloedend vermogen,Aansturen van individuen,56
061a8da0-102b-58ec-9536-67e4018e4894,Beïnvloedend vermogen,Coachen van medewerkers,55
061a8da0-102b-58ec-9536-67e4018e4894,Beïnvloedend vermogen,Onderhandelen,62
061a8da0-102b-58ec-9536-67e4018e4894,Organisatie vermogen,Plannen en organiseren,52
061a8da0-102b-58ec-9536-67e4018e4894,Organisatie vermogen,Delegeren,63
061a8da0-102b-58ec-9536-67e4018e4894,Organisatie vermogen,Voortgangscontrole,41
061a8da0-102b-58ec-9536-67e4018e4894,Relationeel vermogen,Sensitiviteit,63
061a8da0-102b-58ec-9536-67e4018e4894,Relationeel vermogen,Samenwerking,57
061a8da0-102b-58ec-9536-67e4018e4894,Relationeel vermogen,Optreden,59
061a8da0-102b-58ec-9536-67e4018e4894,Relationeel vermogen,Relatiebeheer,54
061a8da0-102b-58ec-9536-67e4018e4894,Relationeel vermogen,Sociabiliteit,54
061a8da0-102b-58ec-9536-67e4018e4894,Relationeel vermogen,Assertiviteit,54
eb695653-6a34-557a-aa9b-90a16a666a9b,Persoonlijke gerichtheid,Initiatief,55
eb695653-6a34-557a-aa9b-90a16a666a9b,Persoonlijke gerichtheid,Besluitvaardigheid,22
eb695653-6a34-557a-aa9b-90a16a666a9b,Persoonlijke gerichtheid,Flexibiliteit,71
eb695653-6a34-557a-aa9b-90a16a666a9b,Persoonlijke gerichtheid,Stressbestendigheid,89
eb695653-6a34-557a-aa9b-90a16a666a9b,Persoonlijke gerichtheid,Ambitie,96
eb695653-6a34-557a-aa9b-90a16a666a9b,Persoonlijke gerichtheid,Zelfstandigheid,42
eb695653-6a34-557a-aa9b-90a16a666a9b,Persoonlijke gerichtheid,Doorzettingsvermogen,98
eb695653-6a34-557a-aa9b-90a16a666a9b,Persoonlijke gerichtheid,Resultaatgerichtheid,96
eb695653-6a34-557a-aa9b-90a16a666a9b,Persoonlijke gerichtheid,Leerbereidheid,95
eb695653-6a34-557a-aa9b-90a16a666a9b,Persoonlijke gerichtheid,Inzet,98
eb695653-6a34-557a-aa9b-90a16a666a9b,Persoonlijke gerichtheid,Nauwkeurigheid,97
eb695653-6a34-557a-aa9b-90a16a666a9b,Organisatiegerichtheid,Organisatiesensitiviteit,90
eb695653-6a34-557a-aa9b-90a16a666a9b,Organisatiegerichtheid,Klantoriëntatie,96
eb695653-6a34-557a-aa9b-90a16a666a9b,Organisatiegerichtheid,Kwaliteitsgerichtheid,100
eb695653-6a34-557a-aa9b-90a16a666a9b,Organisatiegerichtheid,Ondernemerschap,73
eb695653-6a34-557a-aa9b-90a16a666a9b,Beïnvloedend vermogen,Overtuigingskracht,47
eb695653-6a34-557a-aa9b-90a16a666a9b,Beïnvloedend vermogen,Aansturen van groepen,67
eb695653-6a34-557a-aa9b-90a16a666a9b,Beïnvloedend vermogen,Aansturen van individuen,66
eb695653-6a34-557a-aa9b-90a16a666a9b,Beïnvloedend vermogen,Coachen van medewerkers,77
eb695653-6a34-557a-aa9b-90a16a666a9b,Beïnvloedend vermogen,Onderhandelen,76
eb695653-6a34-557a-aa9b-90a16a666a9b,Organisatie vermogen,Plannen en organiseren,97
eb695653-6a34-557a-aa9b-90a16a666a9b,Organisatie vermogen,Delegeren,73
eb695653-6a34-557a-aa9b-90a16a666a9b,Organisatie vermogen,Voortgangscontrole,87
eb695653-6a34-557a-aa9b-90a16a666a9b,Relationeel vermogen,Sensitiviteit,90
eb695653-6a34-557a-aa9b-90a16a666a9b,Relationeel vermogen,Samenwerking,84
eb695653-6a34-557a-aa9b-90a16a666a9b,Relationeel vermogen,Optreden,68
eb695653-6a34-557a-aa9b-90a16a666a9b,Relationeel vermogen,Relatiebeheer,87
eb695653-6a34-557a-aa9b-90a16a666a9b,Relationeel vermogen,Sociabiliteit,91
eb695653-6a34-557a-aa9b-90a16a666a9b,Relationeel vermogen,Assertiviteit,37
24e2d531-6fab-5f5b-9282-a488302c6547,Persoonlijke gerichtheid,Initiatief,36
24e2d531-6fab-5f5b-9282-a488302c6547,Persoonlijke gerichtheid,Besluitvaardigheid,44
24e2d531-6fab-5f5b-9282-a488302c6547,Persoonlijke gerichtheid,Flexibiliteit,34
24e2d531-6fab-5f5b-9282-a488302c6547,Persoonlijke gerichtheid,Stressbestendigheid,11
24e2d531-6fab-5f5b-9282-a488302c6547,Persoonlijke gerichtheid,Ambitie,33
24e2d531-6fab-5f5b-9282-a488302c6547,Persoonlijke gerichtheid,Zelfstandigheid,62
24e2d531-6fab-5f5b-9282-a488302c6547,Persoonlijke gerichtheid,Doorzettingsvermogen,20
24e2d531-6fab-5f5b-9282-a488302c6547,Persoonlijke gerichtheid,Resultaatgerichtheid,30
24e2d531-6fab-5f5b-9282-a488302c6547,Persoonlijke gerichtheid,Leerbereidheid,29
24e2d531-6fab-5f5b-9282-a488302c6547,Persoonlijke gerichtheid,Inzet,17
24e2d531-6fab-5f5b-9282-a488302c6547,Persoonlijke gerichtheid,Nauwkeurigheid,46
24e2d531-6fab-5f5b-9282-a488302c6547,Organisatiegerichtheid,Organisatiesensitiviteit,35
24e2d531-6fab-5f5b-9282-a488302c6547,Organisatiegerichtheid,Klantoriëntatie,35
24e2d531-6fab-5f5b-9282-a488302c6547,Organisatiegerichtheid,Kwaliteitsgerichtheid,50
24e2d531-6fab-5f5b-9282-a488302c6547,Organisatiegerichtheid,Ondernemerschap,38
24e2d531-6fab-5f5b-9282-a488302c6547,Beïnvloedend vermogen,Overtuigingskracht,47
24e2d531-6fab-5f5b-9282-a488302c6547,Beïnvloedend vermogen,Aansturen van groepen,33
24e2d531-6fab-5f5b-9282-a488302c6547,Beïnvloedend vermogen,Aansturen van individuen,54
24e2d531-6fab-5f5b-9282-a488302c6547,Beïnvloedend vermogen,Coachen van medewerkers,53
24e2d531-6fab-5f5b-9282-a488302c6547,Beïnvloedend vermogen,Onderhandelen,48
24e2d531-6fab-5f5b-9282-a488302c6547,Organisatie vermogen,Plannen en organiseren,41
24e2d531-6fab-5f5b-9282-a488302c6547,Organisatie vermogen,Delegeren,27
24e2d531-6fab-5f5b-9282-a488302c6547,Organisatie vermogen,Voortgangscontrole,38
24e2d531-6fab-5f5b-9282-a488302c6547,Relationeel vermogen,Sensitiviteit,36
24e2d531-6fab-5f5b-9282-a488302c6547,Relationeel vermogen,Samenwerking,22
24e2d531-6fab-5f5b-9282-a488302c6547,Relationeel vermogen,Optreden,45
24e2d531-6fab-5f5b-9282-a488302c6547,Relationeel vermogen,Relatiebeheer,48
24e2d531-6fab-5f5b-9282-a488302c6547,Relationeel vermogen,Sociabiliteit,36
24e2d531-6fab-5f5b-9282-a488302c6547,Relationeel vermogen,Assertiviteit,53
376aa464-a5f7-5aed-acd9-7dceb37ded9d,Persoonlijke gerichtheid,Initiatief,57
376aa464-a5f7-5aed-acd9-7dceb37ded9d,Persoonlijke gerichtheid,Besluitvaardigheid,48
376aa464-a5f7-5aed-acd9-7dceb37ded9d,Persoonlijke gerichtheid,Flexibiliteit,51
376aa464-a5f7-5aed-acd9-7dceb37ded9d,Persoonlijke gerichtheid,Stressbestendigheid,89
376aa464-a5f7-5aed-acd9-7dceb37ded9d,Persoonlijke gerichtheid,Ambitie,89
376aa464-a5f7-5aed-acd9-7dceb37ded9d,Persoonlijke gerichtheid,Zelfstandigheid,65
376aa464-a5f7-5aed-acd9-7dceb37ded9d,Persoonlijke gerichtheid,Doorzettingsvermogen,90
376aa464-a5f7-5aed-acd9-7dceb37ded9d,Persoonlijke gerichtheid,Resultaatgerichtheid,87
376aa464-a5f7-5aed-acd9-7dceb37ded9d,Persoonlijke gerichtheid,Leerbereidheid,75
376aa464-a5f7-5aed-acd9-7dceb37ded9d,Persoonlijke gerichtheid,Inzet,83
376aa464-a5f7-5aed-acd9-7dceb37ded9d,Persoonlijke gerichtheid,Nauwkeurigheid,89
376aa464-a5f7-5aed-acd9-7dceb37ded9d,Organisatiegerichtheid,Organisatiesensitiviteit,65
376aa464-a5f7-5aed-acd9-7dceb37ded9d,Organisatiegerichtheid,Klantoriëntatie,74
376aa464-a5f7-5aed-acd9-7dceb37ded9d,Organisatiegerichtheid,Kwaliteitsgerichtheid,96
376aa464-a5f7-5aed-acd9-7dceb37ded9d,Organisatiegerichtheid,Ondernemerschap,70
376aa464-a5f7-5aed-acd9-7dceb37ded9d,Beïnvloedend vermogen,Overtuigingskracht,69
376aa464-a5f7-5aed-acd9-7dceb37ded9d,Beïnvloedend vermogen,Aansturen van groepen,74
376aa464-a5f7-5aed-acd9-7dceb37ded9d,Beïnvloedend vermogen,Aansturen van individuen,89
376aa464-a5f7-5aed-acd9-7dceb37ded9d,Beïnvloedend vermogen,Coachen van medewerkers,64
376aa464-a5f7-5aed-acd9-7dceb37ded9d,Beïnvloedend vermogen,Onderhandelen,83
376aa464-a5f7-5aed-acd9-7dceb37ded9d,Organisatie vermogen,Plannen en organiseren,88
376aa464-a5f7-5aed-acd9-7dceb37ded9d,Organisatie vermogen,Delegeren,61
376aa464-a5f7-5aed-acd9-7dceb37ded9d,Organisatie vermogen,Voortgangscontrole,83
376aa464-a5f7-5aed-acd9-7dceb37ded9d,Relationeel vermogen,Sensitiviteit,60
376aa464-a5f7-5aed-acd9-7dceb37ded9d,Relationeel vermogen,Samenwerking,59
376aa464-a5f7-5aed-acd9-7dceb37ded9d,Relationeel vermogen,Optreden,72
376aa464-a5f7-5aed-acd9-7dceb37ded9d,Relationeel vermogen,Relatiebeheer,75
376aa464-a5f7-5aed-acd9-7dceb37ded9d,Relationeel vermogen,Sociabiliteit,67
376aa464-a5f7-5aed-acd9-7dceb37ded9d,Relationeel vermogen,Assertiviteit,67
b33aa947-10e1-53b7-ad59-affc46fac901,Persoonlijke gerichtheid,Initiatief,28
b33aa947-10e1-53b7-ad59-affc46fac901,Persoonlijke gerichtheid,Besluitvaardigheid,39
b33aa947-10e1-53b7-ad59-affc46fac901,Persoonlijke gerichtheid,Flexibiliteit,42
b33aa947-10e1-53b7-ad59-affc46fac901,Persoonlijke gerichtheid,Stressbestendigheid,59
b33aa947-10e1-53b7-ad59-affc46fac901,Persoonlijke gerichtheid,Ambitie,50
b33aa947-10e1-53b7-ad59-affc46fac901,Persoonlijke gerichtheid,Zelfstandigheid,62
b33aa947-10e1-53b7-ad59-affc46fac901,Persoonlijke gerichtheid,Doorzettingsvermogen,46
b33aa947-10e1-53b7-ad59-affc46fac901,Persoonlijke gerichtheid,Resultaatgerichtheid,44
b33aa947-10e1-53b7-ad59-affc46fac901,Persoonlijke gerichtheid,Leerbereidheid,73
b33aa947-10e1-53b7-ad59-affc46fac901,Persoonlijke gerichtheid,Inzet,34
b33aa947-10e1-53b7-ad59-affc46fac901,Persoonlijke gerichtheid,Nauwkeurigheid,22
b33aa947-10e1-53b7-ad59-affc46fac901,Organisatiegerichtheid,Organisatiesensitiviteit,50
b33aa947-10e1-53b7-ad59-affc46fac901,Organisatiegerichtheid,Klantoriëntatie,51
b33aa947-10e1-53b7-ad59-affc46fac901,Organisatiegerichtheid,Kwaliteitsgerichtheid,21
b33aa947-10e1-53b7-ad59-affc46fac901,Organisatiegerichtheid,Ondernemerschap,40
b33aa947-10e1-53b7-ad59-affc46fac901,Beïnvloedend vermogen,Overtuigingskracht,48
b33aa947-10e1-53b7-ad59-affc46fac901,Beïnvloedend vermogen,Aansturen van groepen,38
b33aa947-10e1-53b7-ad59-affc46fac901,Beïnvloedend vermogen,Aansturen van individuen,44
b33aa947-10e1-53b7-ad59-affc46fac901,Beïnvloedend vermogen,Coachen van medewerkers,47
b33aa947-10e1-53b7-ad59-affc46fac901,Beïnvloedend vermogen,Onderhandelen,48
b33aa947-10e1-53b7-ad59-affc46fac901,Organisatie vermogen,Plannen en organiseren,29
b33aa947-10e1-53b7-ad59-affc46fac901,Organisatie vermogen,Delegeren,35
b33aa947-10e1-53b7-ad59-affc46fac901,Organisatie vermogen,Voortgangscontrole,30
b33aa947-10e1-53b7-ad59-affc46fac901,Relationeel vermogen,Sensitiviteit,53
b33aa947-10e1-53b7-ad59-affc46fac901,Relationeel vermogen,Samenwerking,43
b33aa947-10e1-53b7-ad59-affc46fac901,Relationeel vermogen,Optreden,28
b33aa947-10e1-53b7-ad59-affc46fac901,Relationeel vermogen,Relatiebeheer,23
b33aa947-10e1-53b7-ad59-affc46fac901,Relationeel vermogen,Sociabiliteit,42
b33aa947-10e1-53b7-ad59-affc46fac901,Relationeel vermogen,Assertiviteit,44
228c72c7-39f3-5090-883c-8e71882f4963,Persoonlijke gerichtheid,Initiatief,34
228c72c7-39f3-5090-883c-8e71882f4963,Persoonlijke gerichtheid,Besluitvaardigheid,69
228c72c7-39f3-5090-883c-8e71882f4963,Persoonlijke gerichtheid,Flexibiliteit,30
228c72c7-39f3-5090-883c-8e71882f4963,Persoonlijke gerichtheid,Stressbestendigheid,54
228c72c7-39f3-5090-883c-8e71882f4963,Persoonlijke gerichtheid,Ambitie,67
228c72c7-39f3-5090-883c-8e71882f4963,Persoonlijke gerichtheid,Zelfstandigheid,73
228c72c7-39f3-5090-883c-8e71882f4963,Persoonlijke gerichtheid,Doorzettingsvermogen,54
228c72c7-39f3-5090-883c-8e71882f4963,Persoonlijke gerichtheid,Resultaatgerichtheid,65
228c72c7-39f3-5090-883c-8e71882f4963,Persoonlijke gerichtheid,Leerbereidheid,42
228c72c7-39f3-5090-883c-8e71882f4963,Persoonlijke gerichtheid,Inzet,47
228c72c7-39f3-5090-883c-8e71882f4963,Persoonlijke gerichtheid,Nauwkeurigheid,16
228c72c7-39f3-5090-883c-8e71882f4963,Organisatiegerichtheid,Organisatiesensitiviteit,27
228c72c7-39f3-5090-883c-8e71882f4963,Organisatiegerichtheid,Klantoriëntatie,29
228c72c7-39f3-5090-883c-8e71882f4963,Organisatiegerichtheid,Kwaliteitsgerichtheid,11
228c72c7-39f3-5090-883c-8e71882f4963,Organisatiegerichtheid,Ondernemerschap,49
228c72c7-39f3-5090-883c-8e71882f4963,Beïnvloedend vermogen,Overtuigingskracht,55
228c72c7-39f3-5090-883c-8e71882f4963,Beïnvloedend vermogen,Aansturen van groepen,64
228c72c7-39f3-5090-883c-8e71882f4963,Beïnvloedend vermogen,Aansturen van individuen,36
228c72c7-39f3-5090-883c-8e71882f4963,Beïnvloedend vermogen,Coachen van medewerkers,38
228c72c7-39f3-5090-883c-8e71882f4963,Beïnvloedend vermogen,Onderhandelen,53
228c72c7-39f3-5090-883c-8e71882f4963,Organisatie vermogen,Plannen en organiseren,18
228c72c7-39f3-5090-883c-8e71882f4963,Organisatie vermogen,Delegeren,59
228c72c7-39f3-5090-883c-8e71882f4963,Organisatie vermogen,Voortgangscontrole,33
228c72c7-39f3-5090-883c-8e71882f4963,Relationeel vermogen,Sensitiviteit,31
228c72c7-39f3-5090-883c-8e71882f4963,Relationeel vermogen,Samenwerking,32
228c72c7-39f3-5090-883c-8e71882f4963,Relationeel vermogen,Optreden,50
228c72c7-39f3-5090-883c-8e71882f4963,Relationeel vermogen,Relatiebeheer,31
228c72c7-39f3-5090-883c-8e71882f4963,Relationeel vermogen,Sociabiliteit,28
228c72c7-39f3-5090-883c-8e71882f4963,Relationeel vermogen,Assertiviteit,61
c636db50-3f4e-5aaa-a98b-965b132f4859,Persoonlijke gerichtheid,Initiatief,46
c636db50-3f4e-5aaa-a98b-965b132f4859,Persoonlijke gerichtheid,Besluitvaardigheid,27
c636db50-3f4e-5aaa-a98b-965b132f4859,Persoonlijke gerichtheid,Flexibiliteit,58
c636db50-3f4e-5aaa-a98b-965b132f4859,Persoonlijke gerichtheid,Stressbestendigheid,29
c636db50-3f4e-5aaa-a98b-965b132f4859,Persoonlijke gerichtheid,Ambitie,63
c636db50-3f4e-5aaa-a98b-965b132f4859,Persoonlijke gerichtheid,Zelfstandigheid,18
c636db50-3f4e-5aaa-a98b-965b132f4859,Persoonlijke gerichtheid,Doorzettingsvermogen,61
c636db50-3f4e-5aaa-a98b-965b132f4859,Persoonlijke gerichtheid,Resultaatgerichtheid,70
c636db50-3f4e-5aaa-a98b-965b132f4859,Persoonlijke gerichtheid,Leerbereidheid,68
c636db50-3f4e-5aaa-a98b-965b132f4859,Persoonlijke gerichtheid,Inzet,63
c636db50-3f4e-5aaa-a98b-965b132f4859,Persoonlijke gerichtheid,Nauwkeurigheid,66
c636db50-3f4e-5aaa-a98b-965b132f4859,Organisatiegerichtheid,Organisatiesensitiviteit,78
c636db50-3f4e-5aaa-a98b-965b132f4859,Organisatiegerichtheid,Klantoriëntatie,65
c636db50-3f4e-5aaa-a98b-965b132f4859,Organisatiegerichtheid,Kwaliteitsgerichtheid,75
c636db50-3f4e-5aaa-a98b-965b132f4859,Organisatiegerichtheid,Ondernemerschap,47
c636db50-3f4e-5aaa-a98b-965b132f4859,Beïnvloedend vermogen,Overtuigingskracht,45
c636db50-3f4e-5aaa-a98b-965b132f4859,Beïnvloedend vermogen,Aansturen van groepen,48
c636db50-3f4e-5aaa-a98b-965b132f4859,Beïnvloedend vermogen,Aansturen van individuen,61
c636db50-3f4e-5aaa-a98b-965b132f4859,Beïnvloedend vermogen,Coachen van medewerkers,75
c636db50-3f4e-5aaa-a98b-965b132f4859,Beïnvloedend vermogen,Onderhandelen,52
c636db50-3f4e-5aaa-a98b-965b132f4859,Organisatie vermogen,Plannen en organiseren,74
c636db50-3f4e-5aaa-a98b-965b132f4859,Organisatie vermogen,Delegeren,73
c636db50-3f4e-5aaa-a98b-965b132f4859,Organisatie vermogen,Voortgangscontrole,62
c636db50-3f4e-5aaa-a98b-965b132f4859,Relationeel vermogen,Sensitiviteit,75
c636db50-3f4e-5aaa-a98b-965b132f4859,Relationeel vermogen,Samenwerking,64
c636db50-3f4e-5aaa-a98b-965b132f4859,Relationeel vermogen,Optreden,50
c636db50-3f4e-5aaa-a98b-965b132f4859,Relationeel vermogen,Relatiebeheer,57
c636db50-3f4e-5aaa-a98b-965b132f4859,Relationeel vermogen,Sociabiliteit,64
c636db50-3f4e-5aaa-a98b-965b132f4859,Relationeel vermogen,Assertiviteit,29
8de5b61e-d856-51b5-b6c9-5e9a07d70dcc,Persoonlijke gerichtheid,Initiatief,43
8de5b61e-d856-51b5-b6c9-5e9a07d70dcc,Persoonlijke gerichtheid,Besluitvaardigheid,45
8de5b61e-d856-51b5-b6c9-5e9a07d70dcc,Persoonlijke gerichtheid,Flexibiliteit,55
8de5b61e-d856-51b5-b6c9-5e9a07d70dcc,Persoonlijke gerichtheid,Stressbestendigheid,37
8de5b61e-d856-51b5-b6c9-5e9a07d70dcc,Persoonlijke gerichtheid,Ambitie,91
8de5b61e-d856-51b5-b6c9-5e9a07d70dcc,Persoonlijke gerichtheid,Zelfstandigheid,46
8de5b61e-d856-51b5-b6c9-5e9a07d70dcc,Persoonlijke gerichtheid,Doorzettingsvermogen,61
8de5b61e-d856-51b5-b6c9-5e9a07d70dcc,Persoonlijke gerichtheid,Resultaatgerichtheid,80
8de5b61e-d856-51b5-b6c9-5e9a07d70dcc,Persoonlijke gerichtheid,Leerbereidheid,75
8de5b61e-d856-51b5-b6c9-5e9a07d70dcc,Persoonlijke gerichtheid,Inzet,54
8de5b61e-d856-51b5-b6c9-5e9a07d70dcc,Persoonlijke gerichtheid,Nauwkeurigheid,59
8de5b61e-d856-51b5-b6c9-5e9a07d70dcc,Organisatiegerichtheid,Organisatiesensitiviteit,59
8de5b61e-d856-51b5-b6c9-5e9a07d70dcc,Organisatiegerichtheid,Klantoriëntatie,52
8de5b61e-d856-51b5-b6c9-5e9a07d70dcc,Organisatiegerichtheid,Kwaliteitsgerichtheid,59
8de5b61e-d856-51b5-b6c9-5e9a07d70dcc,Organisatiegerichtheid,Ondernemerschap,60
8de5b61e-d856-51b5-b6c9-5e9a07d70dcc,Beïnvloedend vermogen,Overtuigingskracht,43
8de5b61e-d856-51b5-b6c9-5e9a07d70dcc,Beïnvloedend vermogen,Aansturen van groepen,53
8de5b61e-d856-51b5-b6c9-5e9a07d70dcc,Beïnvloedend vermogen,Aansturen van individuen,71
8de5b61e-d856-51b5-b6c9-5e9a07d70dcc,Beïnvloedend vermogen,Coachen van medewerkers,52
8de5b61e-d856-51b5-b6c9-5e9a07d70dcc,Beïnvloedend vermogen,Onderhandelen,57
8de5b61e-d856-51b5-b6c9-5e9a07d70dcc,Organisatie vermogen,Plannen en organiseren,60
8de5b61e-d856-51b5-b6c9-5e9a07d70dcc,Organisatie vermogen,Delegeren,35
8de5b61e-d856-51b5-b6c9-5e9a07d70dcc,Organisatie vermogen,Voortgangscontrole,59
8de5b61e-d856-51b5-b6c9-5e9a07d70dcc,Relationeel vermogen,Sensitiviteit,49
8de5b61e-d856-51b5-b6c9-5e9a07d70dcc,Relationeel vermogen,Samenwerking,36
8de5b61e-d856-51b5-b6c9-5e9a07d70dcc,Relationeel vermogen,Optreden,53
8de5b61e-d856-51b5-b6c9-5e9a07d70dcc,Relationeel vermogen,Relatiebeheer,61
8de5b61e-d856-51b5-b6c9-5e9a07d70dcc,Relationeel vermogen,Sociabiliteit,42
8de5b61e-d856-51b5-b6c9-5e9a07d70dcc,Relationeel vermogen,Assertiviteit,44
8783258b-64d3-5d41-92cf-08532d074f44,Persoonlijke gerichtheid,Initiatief,66
8783258b-64d3-5d41-92cf-08532d074f44,Persoonlijke gerichtheid,Besluitvaardigheid,47
8783258b-64d3-5d41-92cf-08532d074f44,Persoonlijke gerichtheid,Flexibiliteit,66
8783258b-64d3-5d41-92cf-08532d074f44,Persoonlijke gerichtheid,Stressbestendigheid,83
8783258b-64d3-5d41-92cf-08532d074f44,Persoonlijke gerichtheid,Ambitie,86
8783258b-64d3-5d41-92cf-08532d074f44,Persoonlijke gerichtheid,Zelfstandigheid,43
8783258b-64d3-5d41-92cf-08532d074f44,Persoonlijke gerichtheid,Doorzettingsvermogen,82
8783258b-64d3-5d41-92cf-08532d074f44,Persoonlijke gerichtheid,Resultaatgerichtheid,83
8783258b-64d3-5d41-92cf-08532d074f44,Persoonlijke gerichtheid,Leerbereidheid,75
8783258b-64d3-5d41-92cf-08532d074f44,Persoonlijke gerichtheid,Inzet,82
8783258b-64d3-5d41-92cf-08532d074f44,Persoonlijke gerichtheid,Nauwkeurigheid,49
8783258b-64d3-5d41-92cf-08532d074f44,Organisatiegerichtheid,Organisatiesensitiviteit,72
8783258b-64d3-5d41-92cf-08532d074f44,Organisatiegerichtheid,Klantoriëntatie,73
8783258b-64d3-5d41-92cf-08532d074f44,Organisatiegerichtheid,Kwaliteitsgerichtheid,54
8783258b-64d3-5d41-92cf-08532d074f44,Organisatiegerichtheid,Ondernemerschap,69
8783258b-64d3-5d41-92cf-08532d074f44,Beïnvloedend vermogen,Overtuigingskracht,69
8783258b-64d3-5d41-92cf-08532d074f44,Beïnvloedend vermogen,Aansturen van groepen,65
8783258b-64d3-5d41-92cf-08532d074f44,Beïnvloedend vermogen,Aansturen van individuen,73
8783258b-64d3-5d41-92cf-08532d074f44,Beïnvloedend vermogen,Coachen van medewerkers,71
8783258b-64d3-5d41-92cf-08532d074f44,Beïnvloedend vermogen,Onderhandelen,70
8783258b-64d3-5d41-92cf-08532d074f44,Organisatie vermogen,Plannen en organiseren,64
8783258b-64d3-5d41-92cf-08532d074f44,Organisatie vermogen,Delegeren,77
8783258b-64d3-5d41-92cf-08532d074f44,Organisatie vermogen,Voortgangscontrole,62
8783258b-64d3-5d41-92cf-08532d074f44,Relationeel vermogen,Sensitiviteit,72
8783258b-64d3-5d41-92cf-08532d074f44,Relationeel vermogen,Samenwerking,75
8783258b-64d3-5d41-92cf-08532d074f44,Relationeel vermogen,Optreden,68
8783258b-64d3-5d41-92cf-08532d074f44,Relationeel vermogen,Relatiebeheer,73
8783258b-64d3-5d41-92cf-08532d074f44,Relationeel vermogen,Sociabiliteit,75
8783258b-64d3-5d41-92cf-08532d074f44,Relationeel vermogen,Assertiviteit,52
709c252c-5841-547c-bc0d-099fa1d0052b,Persoonlijke gerichtheid,Initiatief,29
709c252c-5841-547c-bc0d-099fa1d0052b,Persoonlijke gerichtheid,Besluitvaardigheid,35
709c252c-5841-547c-bc0d-099fa1d0052b,Persoonlijke gerichtheid,Flexibiliteit,50
709c252c-5841-547c-bc0d-099fa1d0052b,Persoonlijke gerichtheid,Stressbestendigheid,91
709c252c-5841-547c-bc0d-099fa1d0052b,Persoonlijke gerichtheid,Ambitie,63
709c252c-5841-547c-bc0d-099fa1d0052b,Persoonlijke gerichtheid,Zelfstandigheid,58
709c252c-5841-547c-bc0d-099fa1d0052b,Persoonlijke gerichtheid,Doorzettingsvermogen,71
709c252c-5841-547c-bc0d-099fa1d0052b,Persoonlijke gerichtheid,Resultaatgerichtheid,50
709c252c-5841-547c-bc0d-099fa1d0052b,Persoonlijke gerichtheid,Leerbereidheid,76
709c252c-5841-547c-bc0d-099fa1d0052b,Persoonlijke gerichtheid,Inzet,62
709c252c-5841-547c-bc0d-099fa1d0052b,Persoonlijke gerichtheid,Nauwkeurigheid,44
709c252c-5841-547c-bc0d-099fa1d0052b,Organisatiegerichtheid,Organisatiesensitiviteit,80
709c252c-5841-547c-bc0d-099fa1d0052b,Organisatiegerichtheid,Klantoriëntatie,70
709c252c-5841-547c-bc0d-099fa1d0052b,Organisatiegerichtheid,Kwaliteitsgerichtheid,46
709c252c-5841-547c-bc0d-099fa1d0052b,Organisatiegerichtheid,Ondernemerschap,43
709c252c-5841-547c-bc0d-099fa1d0052b,Beïnvloedend vermogen,Overtuigingskracht,38
709c252c-5841-547c-bc0d-099fa1d0052b,Beïnvloedend vermogen,Aansturen van groepen,51
709c252c-5841-547c-bc0d-099fa1d0052b,Beïnvloedend vermogen,Aansturen van individuen,51
709c252c-5841-547c-bc0d-099fa1d0052b,Beïnvloedend vermogen,Coachen van medewerkers,63
709c252c-5841-547c-bc0d-099fa1d0052b,Beïnvloedend vermogen,Onderhandelen,50
709c252c-5841-547c-bc0d-099fa1d0052b,Organisatie vermogen,Plannen en organiseren,43
709c252c-5841-547c-bc0d-099fa1d0052b,Organisatie vermogen,Delegeren,57
709c252c-5841-547c-bc0d-099fa1d0052b,Organisatie vermogen,Voortgangscontrole,41
709c252c-5841-547c-bc0d-099fa1d0052b,Relationeel vermogen,Sensitiviteit,82
709c252c-5841-547c-bc0d-099fa1d0052b,Relationeel vermogen,Samenwerking,62
709c252c-5841-547c-bc0d-099fa1d0052b,Relationeel vermogen,Optreden,25
709c252c-5841-547c-bc0d-099fa1d0052b,Relationeel vermogen,Relatiebeheer,33
709c252c-5841-547c-bc0d-099fa1d0052b,Relationeel vermogen,Sociabiliteit,59
709c252c-5841-547c-bc0d-099fa1d0052b,Relationeel vermogen,Assertiviteit,32
6d5cecd8-e3c3-524b-88b3-ed62a8d52f88,Persoonlijke gerichtheid,Initiatief,47
6d5cecd8-e3c3-524b-88b3-ed62a8d52f88,Persoonlijke gerichtheid,Besluitvaardigheid,25
6d5cecd8-e3c3-524b-88b3-ed62a8d52f88,Persoonlijke gerichtheid,Flexibiliteit,69
6d5cecd8-e3c3-524b-88b3-ed62a8d52f88,Persoonlijke gerichtheid,Stressbestendigheid,63
6d5cecd8-e3c3-524b-88b3-ed62a8d52f88,Persoonlijke gerichtheid,Ambitie,59
6d5cecd8-e3c3-524b-88b3-ed62a8d52f88,Persoonlijke gerichtheid,Zelfstandigheid,25
6d5cecd8-e3c3-524b-88b3-ed62a8d52f88,Persoonlijke gerichtheid,Doorzettingsvermogen,54
6d5cecd8-e3c3-524b-88b3-ed62a8d52f88,Persoonlijke gerichtheid,Resultaatgerichtheid,56
6d5cecd8-e3c3-524b-88b3-ed62a8d52f88,Persoonlijke gerichtheid,Leerbereidheid,68
6d5cecd8-e3c3-524b-88b3-ed62a8d52f88,Persoonlijke gerichtheid,Inzet,57
6d5cecd8-e3c3-524b-88b3-ed62a8d52f88,Persoonlijke gerichtheid,Nauwkeurigheid,34
6d5cecd8-e3c3-524b-88b3-ed62a8d52f88,Organisatiegerichtheid,Organisatiesensitiviteit,77
6d5cecd8-e3c3-524b-88b3-ed62a8d52f88,Organisatiegerichtheid,Klantoriëntatie,74
6d5cecd8-e3c3-524b-88b3-ed62a8d52f88,Organisatiegerichtheid,Kwaliteitsgerichtheid,41
6d5cecd8-e3c3-524b-88b3-ed62a8d52f88,Organisatiegerichtheid,Ondernemerschap,49
6d5cecd8-e3c3-524b-88b3-ed62a8d52f88,Beïnvloedend vermogen,Overtuigingskracht,43
6d5cecd8-e3c3-524b-88b3-ed62a8d52f88,Beïnvloedend vermogen,Aansturen van groepen,36
6d5cecd8-e3c3-524b-88b3-ed62a8d52f88,Beïnvloedend vermogen,Aansturen van individuen,51
6d5cecd8-e3c3-524b-88b3-ed62a8d52f88,Beïnvloedend vermogen,Coachen van medewerkers,67
6d5cecd8-e3c3-524b-88b3-ed62a8d52f88,Beïnvloedend vermogen,Onderhandelen,51
6d5cecd8-e3c3-524b-88b3-ed62a8d52f88,Organisatie vermogen,Plannen en organiseren,46
6d5cecd8-e3c3-524b-88b3-ed62a8d52f88,Organisatie vermogen,Delegeren,57
6d5cecd8-e3c3-524b-88b3-ed62a8d52f88,Organisatie vermogen,Voortgangscontrole,33
6d5cecd8-e3c3-524b-88b3-ed62a8d52f88,Relationeel vermogen,Sensitiviteit,80
6d5cecd8-e3c3-524b-88b3-ed62a8d52f88,Relationeel vermogen,Samenwerking,67
6d5cecd8-e3c3-524b-88b3-ed62a8d52f88,Relationeel vermogen,Optreden,46
6d5cecd8-e3c3-524b-88b3-ed62a8d52f88,Relationeel vermogen,Relatiebeheer,63
6d5cecd8-e3c3-524b-88b3-ed62a8d52f88,Relationeel vermogen,Sociabiliteit,71
6d5cecd8-e3c3-524b-88b3-ed62a8d52f88,Relationeel vermogen,Assertiviteit,32
283ab77f-98df-5946-aacd-c3bf20cc1bc4,Persoonlijke gerichtheid,Initiatief,5
283ab77f-98df-5946-aacd-c3bf20cc1bc4,Persoonlijke gerichtheid,Besluitvaardigheid,22
283ab77f-98df-5946-aacd-c3bf20cc1bc4,Persoonlijke gerichtheid,Flexibiliteit,22
283ab77f-98df-5946-aacd-c3bf20cc1bc4,Persoonlijke gerichtheid,Stressbestendigheid,50
283ab77f-98df-5946-aacd-c3bf20cc1bc4,Persoonlijke gerichtheid,Ambitie,37
283ab77f-98df-5946-aacd-c3bf20cc1bc4,Persoonlijke gerichtheid,Zelfstandigheid,46
283ab77f-98df-5946-aacd-c3bf20cc1bc4,Persoonlijke gerichtheid,Doorzettingsvermogen,34
283ab77f-98df-5946-aacd-c3bf20cc1bc4,Persoonlijke gerichtheid,Resultaatgerichtheid,30
283ab77f-98df-5946-aacd-c3bf20cc1bc4,Persoonlijke gerichtheid,Leerbereidheid,63
283ab77f-98df-5946-aacd-c3bf20cc1bc4,Persoonlijke gerichtheid,Inzet,22
283ab77f-98df-5946-aacd-c3bf20cc1bc4,Persoonlijke gerichtheid,Nauwkeurigheid,61
283ab77f-98df-5946-aacd-c3bf20cc1bc4,Organisatiegerichtheid,Organisatiesensitiviteit,61
283ab77f-98df-5946-aacd-c3bf20cc1bc4,Organisatiegerichtheid,Klantoriëntatie,28
283ab77f-98df-5946-aacd-c3bf20cc1bc4,Organisatiegerichtheid,Kwaliteitsgerichtheid,67
283ab77f-98df-5946-aacd-c3bf20cc1bc4,Organisatiegerichtheid,Ondernemerschap,18
283ab77f-98df-5946-aacd-c3bf20cc1bc4,Beïnvloedend vermogen,Overtuigingskracht,18
283ab77f-98df-5946-aacd-c3bf20cc1bc4,Beïnvloedend vermogen,Aansturen van groepen,32
283ab77f-98df-5946-aacd-c3bf20cc1bc4,Beïnvloedend vermogen,Aansturen van individuen,11
283ab77f-98df-5946-aacd-c3bf20cc1bc4,Beïnvloedend vermogen,Coachen van medewerkers,36
283ab77f-98df-5946-aacd-c3bf20cc1bc4,Beïnvloedend vermogen,Onderhandelen,29
283ab77f-98df-5946-aacd-c3bf20cc1bc4,Organisatie vermogen,Plannen en organiseren,30
283ab77f-98df-5946-aacd-c3bf20cc1bc4,Organisatie vermogen,Delegeren,52
283ab77f-98df-5946-aacd-c3bf20cc1bc4,Organisatie vermogen,Voortgangscontrole,27
283ab77f-98df-5946-aacd-c3bf20cc1bc4,Relationeel vermogen,Sensitiviteit,47
283ab77f-98df-5946-aacd-c3bf20cc1bc4,Relationeel vermogen,Samenwerking,51
283ab77f-98df-5946-aacd-c3bf20cc1bc4,Relationeel vermogen,Optreden,14
283ab77f-98df-5946-aacd-c3bf20cc1bc4,Relationeel vermogen,Relatiebeheer,6
283ab77f-98df-5946-aacd-c3bf20cc1bc4,Relationeel vermogen,Sociabiliteit,19
283ab77f-98df-5946-aacd-c3bf20cc1bc4,Relationeel vermogen,Assertiviteit,30
3e44802d-3364-5f3a-af67-a038e335a656,Persoonlijke gerichtheid,Initiatief,21
3e44802d-3364-5f3a-af67-a038e335a656,Persoonlijke gerichtheid,Besluitvaardigheid,42
3e44802d-3364-5f3a-af67-a038e335a656,Persoonlijke gerichtheid,Flexibiliteit,26
3e44802d-3364-5f3a-af67-a038e335a656,Persoonlijke gerichtheid,Stressbestendigheid,11
3e44802d-3364-5f3a-af67-a038e335a656,Persoonlijke gerichtheid,Ambitie,75
3e44802d-3364-5f3a-af67-a038e335a656,Persoonlijke gerichtheid,Zelfstandigheid,47
3e44802d-3364-5f3a-af67-a038e335a656,Persoonlijke gerichtheid,Doorzettingsvermogen,20
3e44802d-3364-5f3a-af67-a038e335a656,Persoonlijke gerichtheid,Resultaatgerichtheid,56
3e44802d-3364-5f3a-af67-a038e335a656,Persoonlijke gerichtheid,Leerbereidheid,48
3e44802d-3364-5f3a-af67-a038e335a656,Persoonlijke gerichtheid,Inzet,5
3e44802d-3364-5f3a-af67-a038e335a656,Persoonlijke gerichtheid,Nauwkeurigheid,29
3e44802d-3364-5f3a-af67-a038e335a656,Organisatiegerichtheid,Organisatiesensitiviteit,14
3e44802d-3364-5f3a-af67-a038e335a656,Organisatiegerichtheid,Klantoriëntatie,17
3e44802d-3364-5f3a-af67-a038e335a656,Organisatiegerichtheid,Kwaliteitsgerichtheid,29
3e44802d-3364-5f3a-af67-a038e335a656,Organisatiegerichtheid,Ondernemerschap,40
3e44802d-3364-5f3a-af67-a038e335a656,Beïnvloedend vermogen,Overtuigingskracht,43
3e44802d-3364-5f3a-af67-a038e335a656,Beïnvloedend vermogen,Aansturen van groepen,40
3e44802d-3364-5f3a-af67-a038e335a656,Beïnvloedend vermogen,Aansturen van individuen,27
3e44802d-3364-5f3a-af67-a038e335a656,Beïnvloedend vermogen,Coachen van medewerkers,36
3e44802d-3364-5f3a-af67-a038e335a656,Beïnvloedend vermogen,Onderhandelen,41
3e44802d-3364-5f3a-af67-a038e335a656,Organisatie vermogen,Plannen en organiseren,13
3e44802d-3364-5f3a-af67-a038e335a656,Organisatie vermogen,Delegeren,25
3e44802d-3364-5f3a-af67-a038e335a656,Organisatie vermogen,Voortgangscontrole,20
3e44802d-3364-5f3a-af67-a038e335a656,Relationeel vermogen,Sensitiviteit,19
3e44802d-3364-5f3a-af67-a038e335a656,Relationeel vermogen,Samenwerking,17
3e44802d-3364-5f3a-af67-a038e335a656,Relationeel vermogen,Optreden,35
3e44802d-3364-5f3a-af67-a038e335a656,Relationeel vermogen,Relatiebeheer,33
3e44802d-3364-5f3a-af67-a038e335a656,Relationeel vermogen,Sociabiliteit,19
3e44802d-3364-5f3a-af67-a038e335a656,Relationeel vermogen,Assertiviteit,46
645025be-9089-5afa-a2e1-5b77a6593f13,Persoonlijke gerichtheid,Initiatief,26
645025be-9089-5afa-a2e1-5b77a6593f13,Persoonlijke gerichtheid,Besluitvaardigheid,50
645025be-9089-5afa-a2e1-5b77a6593f13,Persoonlijke gerichtheid,Flexibiliteit,36
645025be-9089-5afa-a2e1-5b77a6593f13,Persoonlijke gerichtheid,Stressbestendigheid,41
645025be-9089-5afa-a2e1-5b77a6593f13,Persoonlijke gerichtheid,Ambitie,46
645025be-9089-5afa-a2e1-5b77a6593f13,Persoonlijke gerichtheid,Zelfstandigheid,73
645025be-9089-5afa-a2e1-5b77a6593f13,Persoonlijke gerichtheid,Doorzettingsvermogen,44
645025be-9089-5afa-a2e1-5b77a6593f13,Persoonlijke gerichtheid,Resultaatgerichtheid,38
645025be-9089-5afa-a2e1-5b77a6593f13,Persoonlijke gerichtheid,Leerbereidheid,39
645025be-9089-5afa-a2e1-5b77a6593f13,Persoonlijke gerichtheid,Inzet,23
645025be-9089-5afa-a2e1-5b77a6593f13,Persoonlijke gerichtheid,Nauwkeurigheid,56
645025be-9089-5afa-a2e1-5b77a6593f13,Organisatiegerichtheid,Organisatiesensitiviteit,24
645025be-9089-5afa-a2e1-5b77a6593f13,Organisatiegerichtheid,Klantoriëntatie,28
645025be-9089-5afa-a2e1-5b77a6593f13,Organisatiegerichtheid,Kwaliteitsgerichtheid,63
645025be-9089-5afa-a2e1-5b77a6593f13,Organisatiegerichtheid,Ondernemerschap,42
645025be-9089-5afa-a2e1-5b77a6593f13,Beïnvloedend vermogen,Overtuigingskracht,49
645025be-9089-5afa-a2e1-5b77a6593f13,Beïnvloedend vermogen,Aansturen van groepen,53
645025be-9089-5afa-a2e1-5b77a6593f13,Beïnvloedend vermogen,Aansturen van individuen,34
645025be-9089-5afa-a2e1-5b77a6593f13,Beïnvloedend vermogen,Coachen van medewerkers,37
645025be-9089-5afa-a2e1-5b77a6593f13,Beïnvloedend vermogen,Onderhandelen,54
645025be-9089-5afa-a2e1-5b77a6593f13,Organisatie vermogen,Plannen en organiseren,48
645025be-9089-5afa-a2e1-5b77a6593f13,Organisatie vermogen,Delegeren,39
645025be-9089-5afa-a2e1-5b77a6593f13,Organisatie vermogen,Voortgangscontrole,41
645025be-9089-5afa-a2e1-5b77a6593f13,Relationeel vermogen,Sensitiviteit,25
645025be-9089-5afa-a2e1-5b77a6593f13,Relationeel vermogen,Samenwerking,26
645025be-9089-5afa-a2e1-5b77a6593f13,Relationeel vermogen,Optreden,45
645025be-9089-5afa-a2e1-5b77a6593f13,Relationeel vermogen,Relatiebeheer,35
645025be-9089-5afa-a2e1-5b77a6593f13,Relationeel vermogen,Sociabiliteit,25
645025be-9089-5afa-a2e1-5b77a6593f13,Relationeel vermogen,Assertiviteit,59
04e108ed-dcea-5f17-871c-7e7d9901a5ec,Persoonlijke gerichtheid,Initiatief,35
04e108ed-dcea-5f17-871c-7e7d9901a5ec,Persoonlijke gerichtheid,Besluitvaardigheid,37
04e108ed-dcea-5f17-871c-7e7d9901a5ec,Persoonlijke gerichtheid,Flexibiliteit,65
04e108ed-dcea-5f17-871c-7e7d9901a5ec,Persoonlijke gerichtheid,Stressbestendigheid,37
04e108ed-dcea-5f17-871c-7e7d9901a5ec,Persoonlijke gerichtheid,Ambitie,67
04e108ed-dcea-5f17-871c-7e7d9901a5ec,Persoonlijke gerichtheid,Zelfstandigheid,35
04e108ed-dcea-5f17-871c-7e7d9901a5ec,Persoonlijke gerichtheid,Doorzettingsvermogen,46
04e108ed-dcea-5f17-871c-7e7d9901a5ec,Persoonlijke gerichtheid,Resultaatgerichtheid,65
04e108ed-dcea-5f17-871c-7e7d9901a5ec,Persoonlijke gerichtheid,Leerbereidheid,68
04e108ed-dcea-5f17-871c-7e7d9901a5ec,Persoonlijke gerichtheid,Inzet,38
04e108ed-dcea-5f17-871c-7e7d9901a5ec,Persoonlijke gerichtheid,Nauwkeurigheid,41
04e108ed-dcea-5f17-871c-7e7d9901a5ec,Organisatiegerichtheid,Organisatiesensitiviteit,38
04e108ed-dcea-5f17-871c-7e7d9901a5ec,Organisatiegerichtheid,Klantoriëntatie,42
04e108ed-dcea-5f17-871c-7e7d9901a5ec,Organisatiegerichtheid,Kwaliteitsgerichtheid,50
04e108ed-dcea-5f17-871c-7e7d9901a5ec,Organisatiegerichtheid,Ondernemerschap,48
04e108ed-dcea-5f17-871c-7e7d9901a5ec,Beïnvloedend vermogen,Overtuigingskracht,49
04e108ed-dcea-5f17-871c-7e7d9901a5ec,Beïnvloedend vermogen,Aansturen van groepen,43
04e108ed-dcea-5f17-871c-7e7d9901a5ec,Beïnvloedend vermogen,Aansturen van individuen,27
04e108ed-dcea-5f17-871c-7e7d9901a5ec,Beïnvloedend vermogen,Coachen van medewerkers,48
04e108ed-dcea-5f17-871c-7e7d9901a5ec,Beïnvloedend vermogen,Onderhandelen,46
04e108ed-dcea-5f17-871c-7e7d9901a5ec,Organisatie vermogen,Plannen en organiseren,43
04e108ed-dcea-5f17-871c-7e7d9901a5ec,Organisatie vermogen,Delegeren,50
04e108ed-dcea-5f17-871c-7e7d9901a5ec,Organisatie vermogen,Voortgangscontrole,33
04e108ed-dcea-5f17-871c-7e7d9901a5ec,Relationeel vermogen,Sensitiviteit,48
04e108ed-dcea-5f17-871c-7e7d9901a5ec,Relationeel vermogen,Samenwerking,41
04e108ed-dcea-5f17-871c-7e7d9901a5ec,Relationeel vermogen,Optreden,45
04e108ed-dcea-5f17-871c-7e7d9901a5ec,Relationeel vermogen,Relatiebeheer,35
04e108ed-dcea-5f17-871c-7e7d9901a5ec,Relationeel vermogen,Sociabiliteit,40
04e108ed-dcea-5f17-871c-7e7d9901a5ec,Relationeel vermogen,Assertiviteit,40
980717fa-cb0e-5995-a07f-d7eabf81f302,Persoonlijke gerichtheid,Initiatief,12
980717fa-cb0e-5995-a07f-d7eabf81f302,Persoonlijke gerichtheid,Besluitvaardigheid,19
980717fa-cb0e-5995-a07f-d7eabf81f302,Persoonlijke gerichtheid,Flexibiliteit,25
980717fa-cb0e-5995-a07f-d7eabf81f302,Persoonlijke gerichtheid,Stressbestendigheid,21
980717fa-cb0e-5995-a07f-d7eabf81f302,Persoonlijke gerichtheid,Ambitie,50
980717fa-cb0e-5995-a07f-d7eabf81f302,Persoonlijke gerichtheid,Zelfstandigheid,52
980717fa-cb0e-5995-a07f-d7eabf81f302,Persoonlijke gerichtheid,Doorzettingsvermogen,34
980717fa-cb0e-5995-a07f-d7eabf81f302,Persoonlijke gerichtheid,Resultaatgerichtheid,44
980717fa-cb0e-5995-a07f-d7eabf81f302,Persoonlijke gerichtheid,Leerbereidheid,54
980717fa-cb0e-5995-a07f-d7eabf81f302,Persoonlijke gerichtheid,Inzet,26
980717fa-cb0e-5995-a07f-d7eabf81f302,Persoonlijke gerichtheid,Nauwkeurigheid,82
980717fa-cb0e-5995-a07f-d7eabf81f302,Organisatiegerichtheid,Organisatiesensitiviteit,33
980717fa-cb0e-5995-a07f-d7eabf81f302,Organisatiegerichtheid,Klantoriëntatie,28
980717fa-cb0e-5995-a07f-d7eabf81f302,Organisatiegerichtheid,Kwaliteitsgerichtheid,89
980717fa-cb0e-5995-a07f-d7eabf81f302,Organisatiegerichtheid,Ondernemerschap,29
980717fa-cb0e-5995-a07f-d7eabf81f302,Beïnvloedend vermogen,Overtuigingskracht,21
980717fa-cb0e-5995-a07f-d7eabf81f302,Beïnvloedend vermogen,Aansturen van groepen,36
980717fa-cb0e-5995-a07f-d7eabf81f302,Beïnvloedend vermogen,Aansturen van individuen,16
980717fa-cb0e-5995-a07f-d7eabf81f302,Beïnvloedend vermogen,Coachen van medewerkers,33
980717fa-cb0e-5995-a07f-d7eabf81f302,Beïnvloedend vermogen,Onderhandelen,41
980717fa-cb0e-5995-a07f-d7eabf81f302,Organisatie vermogen,Plannen en organiseren,59
980717fa-cb0e-5995-a07f-d7eabf81f302,Organisatie vermogen,Delegeren,21
980717fa-cb0e-5995-a07f-d7eabf81f302,Organisatie vermogen,Voortgangscontrole,44
980717fa-cb0e-5995-a07f-d7eabf81f302,Relationeel vermogen,Sensitiviteit,29
980717fa-cb0e-5995-a07f-d7eabf81f302,Relationeel vermogen,Samenwerking,27
980717fa-cb0e-5995-a07f-d7eabf81f302,Relationeel vermogen,Optreden,22
980717fa-cb0e-5995-a07f-d7eabf81f302,Relationeel vermogen,Relatiebeheer,27
980717fa-cb0e-5995-a07f-d7eabf81f302,Relationeel vermogen,Sociabiliteit,23
980717fa-cb0e-5995-a07f-d7eabf81f302,Relationeel vermogen,Assertiviteit,40
5e3ed26e-b8d0-53f5-be5a-38296109877d,Persoonlijke gerichtheid,Initiatief,54
5e3ed26e-b8d0-53f5-be5a-38296109877d,Persoonlijke gerichtheid,Besluitvaardigheid,48
5e3ed26e-b8d0-53f5-be5a-38296109877d,Persoonlijke gerichtheid,Flexibiliteit,52
5e3ed26e-b8d0-53f5-be5a-38296109877d,Persoonlijke gerichtheid,Stressbestendigheid,59
5e3ed26e-b8d0-53f5-be5a-38296109877d,Persoonlijke gerichtheid,Ambitie,59
5e3ed26e-b8d0-53f5-be5a-38296109877d,Persoonlijke gerichtheid,Zelfstandigheid,55
5e3ed26e-b8d0-53f5-be5a-38296109877d,Persoonlijke gerichtheid,Doorzettingsvermogen,71
5e3ed26e-b8d0-53f5-be5a-38296109877d,Persoonlijke gerichtheid,Resultaatgerichtheid,75
5e3ed26e-b8d0-53f5-be5a-38296109877d,Persoonlijke gerichtheid,Leerbereidheid,67
5e3ed26e-b8d0-53f5-be5a-38296109877d,Persoonlijke gerichtheid,Inzet,70
5e3ed26e-b8d0-53f5-be5a-38296109877d,Persoonlijke gerichtheid,Nauwkeurigheid,54
5e3ed26e-b8d0-53f5-be5a-38296109877d,Organisatiegerichtheid,Organisatiesensitiviteit,52
5e3ed26e-b8d0-53f5-be5a-38296109877d,Organisatiegerichtheid,Klantoriëntatie,67
5e3ed26e-b8d0-53f5-be5a-38296109877d,Organisatiegerichtheid,Kwaliteitsgerichtheid,54
5e3ed26e-b8d0-53f5-be5a-38296109877d,Organisatiegerichtheid,Ondernemerschap,56
5e3ed26e-b8d0-53f5-be5a-38296109877d,Beïnvloedend vermogen,Overtuigingskracht,56
5e3ed26e-b8d0-53f5-be5a-38296109877d,Beïnvloedend vermogen,Aansturen van groepen,49
5e3ed26e-b8d0-53f5-be5a-38296109877d,Beïnvloedend vermogen,Aansturen van individuen,46
5e3ed26e-b8d0-53f5-be5a-38296109877d,Beïnvloedend vermogen,Coachen van medewerkers,63
5e3ed26e-b8d0-53f5-be5a-38296109877d,Beïnvloedend vermogen,Onderhandelen,59
5e3ed26e-b8d0-53f5-be5a-38296109877d,Organisatie vermogen,Plannen en organiseren,57
5e3ed26e-b8d0-53f5-be5a-38296109877d,Organisatie vermogen,Delegeren,61
5e3ed26e-b8d0-53f5-be5a-38296109877d,Organisatie vermogen,Voortgangscontrole,59
5e3ed26e-b8d0-53f5-be5a-38296109877d,Relationeel vermogen,Sensitiviteit,62
5e3ed26e-b8d0-53f5-be5a-38296109877d,Relationeel vermogen,Samenwerking,59
5e3ed26e-b8d0-53f5-be5a-38296109877d,Relationeel vermogen,Optreden,60
5e3ed26e-b8d0-53f5-be5a-38296109877d,Relationeel vermogen,Relatiebeheer,48
5e3ed26e-b8d0-53f5-be5a-38296109877d,Relationeel vermogen,Sociabiliteit,70
5e3ed26e-b8d0-53f5-be5a-38296109877d,Relationeel vermogen,Assertiviteit,52
740200fb-ceec-58a1-a4da-f24c997943de,Persoonlijke gerichtheid,Initiatief,28
740200fb-ceec-58a1-a4da-f24c997943de,Persoonlijke gerichtheid,Besluitvaardigheid,25
740200fb-ceec-58a1-a4da-f24c997943de,Persoonlijke gerichtheid,Flexibiliteit,28
740200fb-ceec-58a1-a4da-f24c997943de,Persoonlijke gerichtheid,Stressbestendigheid,46
740200fb-ceec-58a1-a4da-f24c997943de,Persoonlijke gerichtheid,Ambitie,67
740200fb-ceec-58a1-a4da-f24c997943de,Persoonlijke gerichtheid,Zelfstandigheid,30
740200fb-ceec-58a1-a4da-f24c997943de,Persoonlijke gerichtheid,Doorzettingsvermogen,41
740200fb-ceec-58a1-a4da-f24c997943de,Persoonlijke gerichtheid,Resultaatgerichtheid,50
740200fb-ceec-58a1-a4da-f24c997943de,Persoonlijke gerichtheid,Leerbereidheid,59
740200fb-ceec-58a1-a4da-f24c997943de,Persoonlijke gerichtheid,Inzet,39
740200fb-ceec-58a1-a4da-f24c997943de,Persoonlijke gerichtheid,Nauwkeurigheid,51
740200fb-ceec-58a1-a4da-f24c997943de,Organisatiegerichtheid,Organisatiesensitiviteit,69
740200fb-ceec-58a1-a4da-f24c997943de,Organisatiegerichtheid,Klantoriëntatie,53
740200fb-ceec-58a1-a4da-f24c997943de,Organisatiegerichtheid,Kwaliteitsgerichtheid,59
740200fb-ceec-58a1-a4da-f24c997943de,Organisatiegerichtheid,Ondernemerschap,38
740200fb-ceec-58a1-a4da-f24c997943de,Beïnvloedend vermogen,Overtuigingskracht,35
740200fb-ceec-58a1-a4da-f24c997943de,Beïnvloedend vermogen,Aansturen van groepen,49
740200fb-ceec-58a1-a4da-f24c997943de,Beïnvloedend vermogen,Aansturen van individuen,49
740200fb-ceec-58a1-a4da-f24c997943de,Beïnvloedend vermogen,Coachen van medewerkers,58
740200fb-ceec-58a1-a4da-f24c997943de,Beïnvloedend vermogen,Onderhandelen,45
740200fb-ceec-58a1-a4da-f24c997943de,Organisatie vermogen,Plannen en organiseren,43
740200fb-ceec-58a1-a4da-f24c997943de,Organisatie vermogen,Delegeren,67
740200fb-ceec-58a1-a4da-f24c997943de,Organisatie vermogen,Voortgangscontrole,35
740200fb-ceec-58a1-a4da-f24c997943de,Relationeel vermogen,Sensitiviteit,62
740200fb-ceec-58a1-a4da-f24c997943de,Relationeel vermogen,Samenwerking,67
740200fb-ceec-58a1-a4da-f24c997943de,Relationeel vermogen,Optreden,49
740200fb-ceec-58a1-a4da-f24c997943de,Relationeel vermogen,Relatiebeheer,57
740200fb-ceec-58a1-a4da-f24c997943de,Relationeel vermogen,Sociabiliteit,53
740200fb-ceec-58a1-a4da-f24c997943de,Relationeel vermogen,Assertiviteit,33
d73cd100-0c15-518b-874f-03a8811ebd04,Persoonlijke gerichtheid,Initiatief,49
d73cd100-0c15-518b-874f-03a8811ebd04,Persoonlijke gerichtheid,Besluitvaardigheid,34
d73cd100-0c15-518b-874f-03a8811ebd04,Persoonlijke gerichtheid,Flexibiliteit,58
d73cd100-0c15-518b-874f-03a8811ebd04,Persoonlijke gerichtheid,Stressbestendigheid,75
d73cd100-0c15-518b-874f-03a8811ebd04,Persoonlijke gerichtheid,Ambitie,25
d73cd100-0c15-518b-874f-03a8811ebd04,Persoonlijke gerichtheid,Zelfstandigheid,52
d73cd100-0c15-518b-874f-03a8811ebd04,Persoonlijke gerichtheid,Doorzettingsvermogen,59
d73cd100-0c15-518b-874f-03a8811ebd04,Persoonlijke gerichtheid,Resultaatgerichtheid,35
d73cd100-0c15-518b-874f-03a8811ebd04,Persoonlijke gerichtheid,Leerbereidheid,81
d73cd100-0c15-518b-874f-03a8811ebd04,Persoonlijke gerichtheid,Inzet,62
d73cd100-0c15-518b-874f-03a8811ebd04,Persoonlijke gerichtheid,Nauwkeurigheid,54
d73cd100-0c15-518b-874f-03a8811ebd04,Organisatiegerichtheid,Organisatiesensitiviteit,88
d73cd100-0c15-518b-874f-03a8811ebd04,Organisatiegerichtheid,Klantoriëntatie,77
d73cd100-0c15-518b-874f-03a8811ebd04,Organisatiegerichtheid,Kwaliteitsgerichtheid,50
d73cd100-0c15-518b-874f-03a8811ebd04,Organisatiegerichtheid,Ondernemerschap,44
d73cd100-0c15-518b-874f-03a8811ebd04,Beïnvloedend vermogen,Overtuigingskracht,57
d73cd100-0c15-518b-874f-03a8811ebd04,Beïnvloedend vermogen,Aansturen van groepen,36
d73cd100-0c15-518b-874f-03a8811ebd04,Beïnvloedend vermogen,Aansturen van individuen,69
d73cd100-0c15-518b-874f-03a8811ebd04,Beïnvloedend vermogen,Coachen van medewerkers,87
d73cd100-0c15-518b-874f-03a8811ebd04,Beïnvloedend vermogen,Onderhandelen,52
d73cd100-0c15-518b-874f-03a8811ebd04,Organisatie vermogen,Plannen en organiseren,57
d73cd100-0c15-518b-874f-03a8811ebd04,Organisatie vermogen,Delegeren,87
d73cd100-0c15-518b-874f-03a8811ebd04,Organisatie vermogen,Voortgangscontrole,62
d73cd100-0c15-518b-874f-03a8811ebd04,Relationeel vermogen,Sensitiviteit,90
d73cd100-0c15-518b-874f-03a8811ebd04,Relationeel vermogen,Samenwerking,78
d73cd100-0c15-518b-874f-03a8811ebd04,Relationeel vermogen,Optreden,55
d73cd100-0c15-518b-874f-03a8811ebd04,Relationeel vermogen,Relatiebeheer,33
d73cd100-0c15-518b-874f-03a8811ebd04,Relationeel vermogen,Sociabiliteit,77
d73cd100-0c15-518b-874f-03a8811ebd04,Relationeel vermogen,Assertiviteit,34
7080eb17-4d6c-516c-9cb2-70c2cfb220e8,Persoonlijke gerichtheid,Initiatief,11
7080eb17-4d6c-516c-9cb2-70c2cfb220e8,Persoonlijke gerichtheid,Besluitvaardigheid,32
7080eb17-4d6c-516c-9cb2-70c2cfb220e8,Persoonlijke gerichtheid,Flexibiliteit,20
7080eb17-4d6c-516c-9cb2-70c2cfb220e8,Persoonlijke gerichtheid,Stressbestendigheid,33
7080eb17-4d6c-516c-9cb2-70c2cfb220e8,Persoonlijke gerichtheid,Ambitie,63
7080eb17-4d6c-516c-9cb2-70c2cfb220e8,Persoonlijke gerichtheid,Zelfstandigheid,50
7080eb17-4d6c-516c-9cb2-70c2cfb220e8,Persoonlijke gerichtheid,Doorzettingsvermogen,46
7080eb17-4d6c-516c-9cb2-70c2cfb220e8,Persoonlijke gerichtheid,Resultaatgerichtheid,62
7080eb17-4d6c-516c-9cb2-70c2cfb220e8,Persoonlijke gerichtheid,Leerbereidheid,60
7080eb17-4d6c-516c-9cb2-70c2cfb220e8,Persoonlijke gerichtheid,Inzet,37
7080eb17-4d6c-516c-9cb2-70c2cfb220e8,Persoonlijke gerichtheid,Nauwkeurigheid,89
7080eb17-4d6c-516c-9cb2-70c2cfb220e8,Organisatiegerichtheid,Organisatiesensitiviteit,41
7080eb17-4d6c-516c-9cb2-70c2cfb220e8,Organisatiegerichtheid,Klantoriëntatie,26
7080eb17-4d6c-516c-9cb2-70c2cfb220e8,Organisatiegerichtheid,Kwaliteitsgerichtheid,89
7080eb17-4d6c-516c-9cb2-70c2cfb220e8,Organisatiegerichtheid,Ondernemerschap,31
7080eb17-4d6c-516c-9cb2-70c2cfb220e8,Beïnvloedend vermogen,Overtuigingskracht,21
7080eb17-4d6c-516c-9cb2-70c2cfb220e8,Beïnvloedend vermogen,Aansturen van groepen,47
7080eb17-4d6c-516c-9cb2-70c2cfb220e8,Beïnvloedend vermogen,Aansturen van individuen,16
7080eb17-4d6c-516c-9cb2-70c2cfb220e8,Beïnvloedend vermogen,Coachen van medewerkers,28
7080eb17-4d6c-516c-9cb2-70c2cfb220e8,Beïnvloedend vermogen,Onderhandelen,41
7080eb17-4d6c-516c-9cb2-70c2cfb220e8,Organisatie vermogen,Plannen en organiseren,60
7080eb17-4d6c-516c-9cb2-70c2cfb220e8,Organisatie vermogen,Delegeren,23
7080eb17-4d6c-516c-9cb2-70c2cfb220e8,Organisatie vermogen,Voortgangscontrole,56
7080eb17-4d6c-516c-9cb2-70c2cfb220e8,Relationeel vermogen,Sensitiviteit,29
7080eb17-4d6c-516c-9cb2-70c2cfb220e8,Relationeel vermogen,Samenwerking,29
7080eb17-4d6c-516c-9cb2-70c2cfb220e8,Relationeel vermogen,Optreden,22
7080eb17-4d6c-516c-9cb2-70c2cfb220e8,Relationeel vermogen,Relatiebeheer,19
7080eb17-4d6c-516c-9cb2-70c2cfb220e8,Relationeel vermogen,Sociabiliteit,19
7080eb17-4d6c-516c-9cb2-70c2cfb220e8,Relationeel vermogen,Assertiviteit,43
10aff0a6-3e67-53d9-9ac4-3224643e0d22,Persoonlijke gerichtheid,Initiatief,41
10aff0a6-3e67-53d9-9ac4-3224643e0d22,Persoonlijke gerichtheid,Besluitvaardigheid,39
10aff0a6-3e67-53d9-9ac4-3224643e0d22,Persoonlijke gerichtheid,Flexibiliteit,49
10aff0a6-3e67-53d9-9ac4-3224643e0d22,Persoonlijke gerichtheid,Stressbestendigheid,37
10aff0a6-3e67-53d9-9ac4-3224643e0d22,Persoonlijke gerichtheid,Ambitie,63
10aff0a6-3e67-53d9-9ac4-3224643e0d22,Persoonlijke gerichtheid,Zelfstandigheid,41
10aff0a6-3e67-53d9-9ac4-3224643e0d22,Persoonlijke gerichtheid,Doorzettingsvermogen,39
10aff0a6-3e67-53d9-9ac4-3224643e0d22,Persoonlijke gerichtheid,Resultaatgerichtheid,53
10aff0a6-3e67-53d9-9ac4-3224643e0d22,Persoonlijke gerichtheid,Leerbereidheid,67
10aff0a6-3e67-53d9-9ac4-3224643e0d22,Persoonlijke gerichtheid,Inzet,43
10aff0a6-3e67-53d9-9ac4-3224643e0d22,Persoonlijke gerichtheid,Nauwkeurigheid,56
10aff0a6-3e67-53d9-9ac4-3224643e0d22,Organisatiegerichtheid,Organisatiesensitiviteit,59
10aff0a6-3e67-53d9-9ac4-3224643e0d22,Organisatiegerichtheid,Klantoriëntatie,50
10aff0a6-3e67-53d9-9ac4-3224643e0d22,Organisatiegerichtheid,Kwaliteitsgerichtheid,54
10aff0a6-3e67-53d9-9ac4-3224643e0d22,Organisatiegerichtheid,Ondernemerschap,44
10aff0a6-3e67-53d9-9ac4-3224643e0d22,Beïnvloedend vermogen,Overtuigingskracht,37
10aff0a6-3e67-53d9-9ac4-3224643e0d22,Beïnvloedend vermogen,Aansturen van groepen,45
10aff0a6-3e67-53d9-9ac4-3224643e0d22,Beïnvloedend vermogen,Aansturen van individuen,41
10aff0a6-3e67-53d9-9ac4-3224643e0d22,Beïnvloedend vermogen,Coachen van medewerkers,54
10aff0a6-3e67-53d9-9ac4-3224643e0d22,Beïnvloedend vermogen,Onderhandelen,43
10aff0a6-3e67-53d9-9ac4-3224643e0d22,Organisatie vermogen,Plannen en organiseren,52
10aff0a6-3e67-53d9-9ac4-3224643e0d22,Organisatie vermogen,Delegeren,57
10aff0a6-3e67-53d9-9ac4-3224643e0d22,Organisatie vermogen,Voortgangscontrole,47
10aff0a6-3e67-53d9-9ac4-3224643e0d22,Relationeel vermogen,Sensitiviteit,56
10aff0a6-3e67-53d9-9ac4-3224643e0d22,Relationeel vermogen,Samenwerking,56
10aff0a6-3e67-53d9-9ac4-3224643e0d22,Relationeel vermogen,Optreden,44
10aff0a6-3e67-53d9-9ac4-3224643e0d22,Relationeel vermogen,Relatiebeheer,52
10aff0a6-3e67-53d9-9ac4-3224643e0d22,Relationeel vermogen,Sociabiliteit,50
10aff0a6-3e67-53d9-9ac4-3224643e0d22,Relationeel vermogen,Assertiviteit,40
0b987c95-d61b-5d7f-925c-9c894e0937ce,Persoonlijke gerichtheid,Initiatief,49
0b987c95-d61b-5d7f-925c-9c894e0937ce,Persoonlijke gerichtheid,Besluitvaardigheid,36
0b987c95-d61b-5d7f-925c-9c894e0937ce,Persoonlijke gerichtheid,Flexibiliteit,52
0b987c95-d61b-5d7f-925c-9c894e0937ce,Persoonlijke gerichtheid,Stressbestendigheid,75
0b987c95-d61b-5d7f-925c-9c894e0937ce,Persoonlijke gerichtheid,Ambitie,46
0b987c95-d61b-5d7f-925c-9c894e0937ce,Persoonlijke gerichtheid,Zelfstandigheid,62
0b987c95-d61b-5d7f-925c-9c894e0937ce,Persoonlijke gerichtheid,Doorzettingsvermogen,73
0b987c95-d61b-5d7f-925c-9c894e0937ce,Persoonlijke gerichtheid,Resultaatgerichtheid,56
0b987c95-d61b-5d7f-925c-9c894e0937ce,Persoonlijke gerichtheid,Leerbereidheid,67
0b987c95-d61b-5d7f-925c-9c894e0937ce,Persoonlijke gerichtheid,Inzet,78
0b987c95-d61b-5d7f-925c-9c894e0937ce,Persoonlijke gerichtheid,Nauwkeurigheid,73
0b987c95-d61b-5d7f-925c-9c894e0937ce,Organisatiegerichtheid,Organisatiesensitiviteit,59
0b987c95-d61b-5d7f-925c-9c894e0937ce,Organisatiegerichtheid,Klantoriëntatie,70
0b987c95-d61b-5d7f-925c-9c894e0937ce,Organisatiegerichtheid,Kwaliteitsgerichtheid,75
0b987c95-d61b-5d7f-925c-9c894e0937ce,Organisatiegerichtheid,Ondernemerschap,51
0b987c95-d61b-5d7f-925c-9c894e0937ce,Beïnvloedend vermogen,Overtuigingskracht,43
0b987c95-d61b-5d7f-925c-9c894e0937ce,Beïnvloedend vermogen,Aansturen van groepen,48
0b987c95-d61b-5d7f-925c-9c894e0937ce,Beïnvloedend vermogen,Aansturen van individuen,29
0b987c95-d61b-5d7f-925c-9c894e0937ce,Beïnvloedend vermogen,Coachen van medewerkers,52
0b987c95-d61b-5d7f-925c-9c894e0937ce,Beïnvloedend vermogen,Onderhandelen,54
0b987c95-d61b-5d7f-925c-9c894e0937ce,Organisatie vermogen,Plannen en organiseren,65
0b987c95-d61b-5d7f-925c-9c894e0937ce,Organisatie vermogen,Delegeren,61
0b987c95-d61b-5d7f-925c-9c894e0937ce,Organisatie vermogen,Voortgangscontrole,65
0b987c95-d61b-5d7f-925c-9c894e0937ce,Relationeel vermogen,Sensitiviteit,65
0b987c95-d61b-5d7f-925c-9c894e0937ce,Relationeel vermogen,Samenwerking,70
0b987c95-d61b-5d7f-925c-9c894e0937ce,Relationeel vermogen,Optreden,50
0b987c95-d61b-5d7f-925c-9c894e0937ce,Relationeel vermogen,Relatiebeheer,50
0b987c95-d61b-5d7f-925c-9c894e0937ce,Relationeel vermogen,Sociabiliteit,69
0b987c95-d61b-5d7f-925c-9c894e0937ce,Relationeel vermogen,Assertiviteit,46
61369f33-c11d-5d29-80ed-d751b8246cd1,Persoonlijke gerichtheid,Initiatief,42
61369f33-c11d-5d29-80ed-d751b8246cd1,Persoonlijke gerichtheid,Besluitvaardigheid,34
61369f33-c11d-5d29-80ed-d751b8246cd1,Persoonlijke gerichtheid,Flexibiliteit,52
61369f33-c11d-5d29-80ed-d751b8246cd1,Persoonlijke gerichtheid,Stressbestendigheid,75
61369f33-c11d-5d29-80ed-d751b8246cd1,Persoonlijke gerichtheid,Ambitie,91
61369f33-c11d-5d29-80ed-d751b8246cd1,Persoonlijke gerichtheid,Zelfstandigheid,62
61369f33-c11d-5d29-80ed-d751b8246cd1,Persoonlijke gerichtheid,Doorzettingsvermogen,92
61369f33-c11d-5d29-80ed-d751b8246cd1,Persoonlijke gerichtheid,Resultaatgerichtheid,94
61369f33-c11d-5d29-80ed-d751b8246cd1,Persoonlijke gerichtheid,Leerbereidheid,79
61369f33-c11d-5d29-80ed-d751b8246cd1,Persoonlijke gerichtheid,Inzet,84
61369f33-c11d-5d29-80ed-d751b8246cd1,Persoonlijke gerichtheid,Nauwkeurigheid,87
61369f33-c11d-5d29-80ed-d751b8246cd1,Organisatiegerichtheid,Organisatiesensitiviteit,59
61369f33-c11d-5d29-80ed-d751b8246cd1,Organisatiegerichtheid,Klantoriëntatie,72
61369f33-c11d-5d29-80ed-d751b8246cd1,Organisatiegerichtheid,Kwaliteitsgerichtheid,91
61369f33-c11d-5d29-80ed-d751b8246cd1,Organisatiegerichtheid,Ondernemerschap,65
61369f33-c11d-5d29-80ed-d751b8246cd1,Beïnvloedend vermogen,Overtuigingskracht,51
61369f33-c11d-5d29-80ed-d751b8246cd1,Beïnvloedend vermogen,Aansturen van groepen,60
61369f33-c11d-5d29-80ed-d751b8246cd1,Beïnvloedend vermogen,Aansturen van individuen,59
61369f33-c11d-5d29-80ed-d751b8246cd1,Beïnvloedend vermogen,Coachen van medewerkers,48
61369f33-c11d-5d29-80ed-d751b8246cd1,Beïnvloedend vermogen,Onderhandelen,78
61369f33-c11d-5d29-80ed-d751b8246cd1,Organisatie vermogen,Plannen en organiseren,90
61369f33-c11d-5d29-80ed-d751b8246cd1,Organisatie vermogen,Delegeren,33
61369f33-c11d-5d29-80ed-d751b8246cd1,Organisatie vermogen,Voortgangscontrole,80
61369f33-c11d-5d29-80ed-d751b8246cd1,Relationeel vermogen,Sensitiviteit,55
61369f33-c11d-5d29-80ed-d751b8246cd1,Relationeel vermogen,Samenwerking,43
61369f33-c11d-5d29-80ed-d751b8246cd1,Relationeel vermogen,Optreden,56
61369f33-c11d-5d29-80ed-d751b8246cd1,Relationeel vermogen,Relatiebeheer,65
61369f33-c11d-5d29-80ed-d751b8246cd1,Relationeel vermogen,Sociabiliteit,58
61369f33-c11d-5d29-80ed-d751b8246cd1,Relationeel vermogen,Assertiviteit,58
c22e1828-5784-556c-a41b-541e88bbe819,Persoonlijke gerichtheid,Initiatief,46
c22e1828-5784-556c-a41b-541e88bbe819,Persoonlijke gerichtheid,Besluitvaardigheid,45
c22e1828-5784-556c-a41b-541e88bbe819,Persoonlijke gerichtheid,Flexibiliteit,61
c22e1828-5784-556c-a41b-541e88bbe819,Persoonlijke gerichtheid,Stressbestendigheid,71
c22e1828-5784-556c-a41b-541e88bbe819,Persoonlijke gerichtheid,Ambitie,75
c22e1828-5784-556c-a41b-541e88bbe819,Persoonlijke gerichtheid,Zelfstandigheid,42
c22e1828-5784-556c-a41b-541e88bbe819,Persoonlijke gerichtheid,Doorzettingsvermogen,73
c22e1828-5784-556c-a41b-541e88bbe819,Persoonlijke gerichtheid,Resultaatgerichtheid,78
c22e1828-5784-556c-a41b-541e88bbe819,Persoonlijke gerichtheid,Leerbereidheid,70
c22e1828-5784-556c-a41b-541e88bbe819,Persoonlijke gerichtheid,Inzet,67
c22e1828-5784-556c-a41b-541e88bbe819,Persoonlijke gerichtheid,Nauwkeurigheid,61
c22e1828-5784-556c-a41b-541e88bbe819,Organisatiegerichtheid,Organisatiesensitiviteit,83
c22e1828-5784-556c-a41b-541e88bbe819,Organisatiegerichtheid,Klantoriëntatie,77
c22e1828-5784-556c-a41b-541e88bbe819,Organisatiegerichtheid,Kwaliteitsgerichtheid,71
c22e1828-5784-556c-a41b-541e88bbe819,Organisatiegerichtheid,Ondernemerschap,51
c22e1828-5784-556c-a41b-541e88bbe819,Beïnvloedend vermogen,Overtuigingskracht,55
c22e1828-5784-556c-a41b-541e88bbe819,Beïnvloedend vermogen,Aansturen van groepen,51
c22e1828-5784-556c-a41b-541e88bbe819,Beïnvloedend vermogen,Aansturen van individuen,59
c22e1828-5784-556c-a41b-541e88bbe819,Beïnvloedend vermogen,Coachen van medewerkers,77
c22e1828-5784-556c-a41b-541e88bbe819,Beïnvloedend vermogen,Onderhandelen,55
c22e1828-5784-556c-a41b-541e88bbe819,Organisatie vermogen,Plannen en organiseren,65
c22e1828-5784-556c-a41b-541e88bbe819,Organisatie vermogen,Delegeren,93
c22e1828-5784-556c-a41b-541e88bbe819,Organisatie vermogen,Voortgangscontrole,53
c22e1828-5784-556c-a41b-541e88bbe819,Relationeel vermogen,Sensitiviteit,84
c22e1828-5784-556c-a41b-541e88bbe819,Relationeel vermogen,Samenwerking,79
c22e1828-5784-556c-a41b-541e88bbe819,Relationeel vermogen,Optreden,61
c22e1828-5784-556c-a41b-541e88bbe819,Relationeel vermogen,Relatiebeheer,43
c22e1828-5784-556c-a41b-541e88bbe819,Relationeel vermogen,Sociabiliteit,73
c22e1828-5784-556c-a41b-541e88bbe819,Relationeel vermogen,Assertiviteit,35
6f169b8a-96c4-5c9c-8228-4bd081defe41,Persoonlijke gerichtheid,Initiatief,51
6f169b8a-96c4-5c9c-8228-4bd081defe41,Persoonlijke gerichtheid,Besluitvaardigheid,48
6f169b8a-96c4-5c9c-8228-4bd081defe41,Persoonlijke gerichtheid,Flexibiliteit,55
6f169b8a-96c4-5c9c-8228-4bd081defe41,Persoonlijke gerichtheid,Stressbestendigheid,79
6f169b8a-96c4-5c9c-8228-4bd081defe41,Persoonlijke gerichtheid,Ambitie,67
6f169b8a-96c4-5c9c-8228-4bd081defe41,Persoonlijke gerichtheid,Zelfstandigheid,70
6f169b8a-96c4-5c9c-8228-4bd081defe41,Persoonlijke gerichtheid,Doorzettingsvermogen,82
6f169b8a-96c4-5c9c-8228-4bd081defe41,Persoonlijke gerichtheid,Resultaatgerichtheid,70
6f169b8a-96c4-5c9c-8228-4bd081defe41,Persoonlijke gerichtheid,Leerbereidheid,58
6f169b8a-96c4-5c9c-8228-4bd081defe41,Persoonlijke gerichtheid,Inzet,71
6f169b8a-96c4-5c9c-8228-4bd081defe41,Persoonlijke gerichtheid,Nauwkeurigheid,87
6f169b8a-96c4-5c9c-8228-4bd081defe41,Organisatiegerichtheid,Organisatiesensitiviteit,68
6f169b8a-96c4-5c9c-8228-4bd081defe41,Organisatiegerichtheid,Klantoriëntatie,77
6f169b8a-96c4-5c9c-8228-4bd081defe41,Organisatiegerichtheid,Kwaliteitsgerichtheid,91
6f169b8a-96c4-5c9c-8228-4bd081defe41,Organisatiegerichtheid,Ondernemerschap,63
6f169b8a-96c4-5c9c-8228-4bd081defe41,Beïnvloedend vermogen,Overtuigingskracht,62
6f169b8a-96c4-5c9c-8228-4bd081defe41,Beïnvloedend vermogen,Aansturen van groepen,60
6f169b8a-96c4-5c9c-8228-4bd081defe41,Beïnvloedend vermogen,Aansturen van individuen,80
6f169b8a-96c4-5c9c-8228-4bd081defe41,Beïnvloedend vermogen,Coachen van medewerkers,66
6f169b8a-96c4-5c9c-8228-4bd081defe41,Beïnvloedend vermogen,Onderhandelen,75
6f169b8a-96c4-5c9c-8228-4bd081defe41,Organisatie vermogen,Plannen en organiseren,86
6f169b8a-96c4-5c9c-8228-4bd081defe41,Organisatie vermogen,Delegeren,52
6f169b8a-96c4-5c9c-8228-4bd081defe41,Organisatie vermogen,Voortgangscontrole,78
6f169b8a-96c4-5c9c-8228-4bd081defe41,Relationeel vermogen,Sensitiviteit,67
6f169b8a-96c4-5c9c-8228-4bd081defe41,Relationeel vermogen,Samenwerking,52
6f169b8a-96c4-5c9c-8228-4bd081defe41,Relationeel vermogen,Optreden,61
6f169b8a-96c4-5c9c-8228-4bd081defe41,Relationeel vermogen,Relatiebeheer,67
6f169b8a-96c4-5c9c-8228-4bd081defe41,Relationeel vermogen,Sociabiliteit,67
6f169b8a-96c4-5c9c-8228-4bd081defe41,Relationeel vermogen,Assertiviteit,57
0ac45ebf-abaf-52c1-904e-73f962af3ef0,Persoonlijke gerichtheid,Initiatief,63
0ac45ebf-abaf-52c1-904e-73f962af3ef0,Persoonlijke gerichtheid,Besluitvaardigheid,78
0ac45ebf-abaf-52c1-904e-73f962af3ef0,Persoonlijke gerichtheid,Flexibiliteit,80
0ac45ebf-abaf-52c1-904e-73f962af3ef0,Persoonlijke gerichtheid,Stressbestendigheid,50
0ac45ebf-abaf-52c1-904e-73f962af3ef0,Persoonlijke gerichtheid,Ambitie,86
0ac45ebf-abaf-52c1-904e-73f962af3ef0,Persoonlijke gerichtheid,Zelfstandigheid,68
0ac45ebf-abaf-52c1-904e-73f962af3ef0,Persoonlijke gerichtheid,Doorzettingsvermogen,73
0ac45ebf-abaf-52c1-904e-73f962af3ef0,Persoonlijke gerichtheid,Resultaatgerichtheid,91
0ac45ebf-abaf-52c1-904e-73f962af3ef0,Persoonlijke gerichtheid,Leerbereidheid,82
0ac45ebf-abaf-52c1-904e-73f962af3ef0,Persoonlijke gerichtheid,Inzet,73
0ac45ebf-abaf-52c1-904e-73f962af3ef0,Persoonlijke gerichtheid,Nauwkeurigheid,49
0ac45ebf-abaf-52c1-904e-73f962af3ef0,Organisatiegerichtheid,Organisatiesensitiviteit,56
0ac45ebf-abaf-52c1-904e-73f962af3ef0,Organisatiegerichtheid,Klantoriëntatie,43
0ac45ebf-abaf-52c1-904e-73f962af3ef0,Organisatiegerichtheid,Kwaliteitsgerichtheid,46
0ac45ebf-abaf-52c1-904e-73f962af3ef0,Organisatiegerichtheid,Ondernemerschap,67
0ac45ebf-abaf-52c1-904e-73f962af3ef0,Beïnvloedend vermogen,Overtuigingskracht,62
0ac45ebf-abaf-52c1-904e-73f962af3ef0,Beïnvloedend vermogen,Aansturen van groepen,57
0ac45ebf-abaf-52c1-904e-73f962af3ef0,Beïnvloedend vermogen,Aansturen van individuen,51
0ac45ebf-abaf-52c1-904e-73f962af3ef0,Beïnvloedend vermogen,Coachen van medewerkers,51
0ac45ebf-abaf-52c1-904e-73f962af3ef0,Beïnvloedend vermogen,Onderhandelen,59
0ac45ebf-abaf-52c1-904e-73f962af3ef0,Organisatie vermogen,Plannen en organiseren,68
0ac45ebf-abaf-52c1-904e-73f962af3ef0,Organisatie vermogen,Delegeren,67
0ac45ebf-abaf-52c1-904e-73f962af3ef0,Organisatie vermogen,Voortgangscontrole,65
0ac45ebf-abaf-52c1-904e-73f962af3ef0,Relationeel vermogen,Sensitiviteit,47
0ac45ebf-abaf-52c1-904e-73f962af3ef0,Relationeel vermogen,Samenwerking,41
0ac45ebf-abaf-52c1-904e-73f962af3ef0,Relationeel vermogen,Optreden,62
0ac45ebf-abaf-52c1-904e-73f962af3ef0,Relationeel vermogen,Relatiebeheer,39
0ac45ebf-abaf-52c1-904e-73f962af3ef0,Relationeel vermogen,Sociabiliteit,41
0ac45ebf-abaf-52c1-904e-73f962af3ef0,Relationeel vermogen,Assertiviteit,60
82371131-0df5-5703-b77f-6b45c3c4c2d9,Persoonlijke gerichtheid,Initiatief,14
82371131-0df5-5703-b77f-6b45c3c4c2d9,Persoonlijke gerichtheid,Besluitvaardigheid,32
82371131-0df5-5703-b77f-6b45c3c4c2d9,Persoonlijke gerichtheid,Flexibiliteit,23
82371131-0df5-5703-b77f-6b45c3c4c2d9,Persoonlijke gerichtheid,Stressbestendigheid,41
82371131-0df5-5703-b77f-6b45c3c4c2d9,Persoonlijke gerichtheid,Ambitie,50
82371131-0df5-5703-b77f-6b45c3c4c2d9,Persoonlijke gerichtheid,Zelfstandigheid,56
82371131-0df5-5703-b77f-6b45c3c4c2d9,Persoonlijke gerichtheid,Doorzettingsvermogen,46
82371131-0df5-5703-b77f-6b45c3c4c2d9,Persoonlijke gerichtheid,Resultaatgerichtheid,38
82371131-0df5-5703-b77f-6b45c3c4c2d9,Persoonlijke gerichtheid,Leerbereidheid,54
82371131-0df5-5703-b77f-6b45c3c4c2d9,Persoonlijke gerichtheid,Inzet,28
82371131-0df5-5703-b77f-6b45c3c4c2d9,Persoonlijke gerichtheid,Nauwkeurigheid,66
82371131-0df5-5703-b77f-6b45c3c4c2d9,Organisatiegerichtheid,Organisatiesensitiviteit,26
82371131-0df5-5703-b77f-6b45c3c4c2d9,Organisatiegerichtheid,Klantoriëntatie,25
82371131-0df5-5703-b77f-6b45c3c4c2d9,Organisatiegerichtheid,Kwaliteitsgerichtheid,67
82371131-0df5-5703-b77f-6b45c3c4c2d9,Organisatiegerichtheid,Ondernemerschap,33
82371131-0df5-5703-b77f-6b45c3c4c2d9,Beïnvloedend vermogen,Overtuigingskracht,27
82371131-0df5-5703-b77f-6b45c3c4c2d9,Beïnvloedend vermogen,Aansturen van groepen,55
82371131-0df5-5703-b77f-6b45c3c4c2d9,Beïnvloedend vermogen,Aansturen van individuen,18
82371131-0df5-5703-b77f-6b45c3c4c2d9,Beïnvloedend vermogen,Coachen van medewerkers,25
82371131-0df5-5703-b77f-6b45c3c4c2d9,Beïnvloedend vermogen,Onderhandelen,37
82371131-0df5-5703-b77f-6b45c3c4c2d9,Organisatie vermogen,Plannen en organiseren,49
82371131-0df5-5703-b77f-6b45c3c4c2d9,Organisatie vermogen,Delegeren,33
82371131-0df5-5703-b77f-6b45c3c4c2d9,Organisatie vermogen,Voortgangscontrole,44
82371131-0df5-5703-b77f-6b45c3c4c2d9,Relationeel vermogen,Sensitiviteit,26
82371131-0df5-5703-b77f-6b45c3c4c2d9,Relationeel vermogen,Samenwerking,35
82371131-0df5-5703-b77f-6b45c3c4c2d9,Relationeel vermogen,Optreden,22
82371131-0df5-5703-b77f-6b45c3c4c2d9,Relationeel vermogen,Relatiebeheer,17
82371131-0df5-5703-b77f-6b45c3c4c2d9,Relationeel vermogen,Sociabiliteit,19
82371131-0df5-5703-b77f-6b45c3c4c2d9,Relationeel vermogen,Assertiviteit,40
c6323f05-ac11-5726-b4a1-474fa2d166a8,Persoonlijke gerichtheid,Initiatief,41
c6323f05-ac11-5726-b4a1-474fa2d166a8,Persoonlijke gerichtheid,Besluitvaardigheid,38
c6323f05-ac11-5726-b4a1-474fa2d166a8,Persoonlijke gerichtheid,Flexibiliteit,35
c6323f05-ac11-5726-b4a1-474fa2d166a8,Persoonlijke gerichtheid,Stressbestendigheid,63
c6323f05-ac11-5726-b4a1-474fa2d166a8,Persoonlijke gerichtheid,Ambitie,75
c6323f05-ac11-5726-b4a1-474fa2d166a8,Persoonlijke gerichtheid,Zelfstandigheid,43
c6323f05-ac11-5726-b4a1-474fa2d166a8,Persoonlijke gerichtheid,Doorzettingsvermogen,56
c6323f05-ac11-5726-b4a1-474fa2d166a8,Persoonlijke gerichtheid,Resultaatgerichtheid,65
c6323f05-ac11-5726-b4a1-474fa2d166a8,Persoonlijke gerichtheid,Leerbereidheid,66
c6323f05-ac11-5726-b4a1-474fa2d166a8,Persoonlijke gerichtheid,Inzet,51
c6323f05-ac11-5726-b4a1-474fa2d166a8,Persoonlijke gerichtheid,Nauwkeurigheid,66
c6323f05-ac11-5726-b4a1-474fa2d166a8,Organisatiegerichtheid,Organisatiesensitiviteit,54
c6323f05-ac11-5726-b4a1-474fa2d166a8,Organisatiegerichtheid,Klantoriëntatie,62
c6323f05-ac11-5726-b4a1-474fa2d166a8,Organisatiegerichtheid,Kwaliteitsgerichtheid,67
c6323f05-ac11-5726-b4a1-474fa2d166a8,Organisatiegerichtheid,Ondernemerschap,52
c6323f05-ac11-5726-b4a1-474fa2d166a8,Beïnvloedend vermogen,Overtuigingskracht,44
c6323f05-ac11-5726-b4a1-474fa2d166a8,Beïnvloedend vermogen,Aansturen van groepen,56
c6323f05-ac11-5726-b4a1-474fa2d166a8,Beïnvloedend vermogen,Aansturen van individuen,49
c6323f05-ac11-5726-b4a1-474fa2d166a8,Beïnvloedend vermogen,Coachen van medewerkers,52
c6323f05-ac11-5726-b4a1-474fa2d166a8,Beïnvloedend vermogen,Onderhandelen,52
c6323f05-ac11-5726-b4a1-474fa2d166a8,Organisatie vermogen,Plannen en organiseren,48
c6323f05-ac11-5726-b4a1-474fa2d166a8,Organisatie vermogen,Delegeren,69
c6323f05-ac11-5726-b4a1-474fa2d166a8,Organisatie vermogen,Voortgangscontrole,50
c6323f05-ac11-5726-b4a1-474fa2d166a8,Relationeel vermogen,Sensitiviteit,59
c6323f05-ac11-5726-b4a1-474fa2d166a8,Relationeel vermogen,Samenwerking,68
c6323f05-ac11-5726-b4a1-474fa2d166a8,Relationeel vermogen,Optreden,61
c6323f05-ac11-5726-b4a1-474fa2d166a8,Relationeel vermogen,Relatiebeheer,61
c6323f05-ac11-5726-b4a1-474fa2d166a8,Relationeel vermogen,Sociabiliteit,63
c6323f05-ac11-5726-b4a1-474fa2d166a8,Relationeel vermogen,Assertiviteit,43
54607c72-f7f0-5106-874f-ff352975ea48,Persoonlijke gerichtheid,Initiatief,28
54607c72-f7f0-5106-874f-ff352975ea48,Persoonlijke gerichtheid,Besluitvaardigheid,23
54607c72-f7f0-5106-874f-ff352975ea48,Persoonlijke gerichtheid,Flexibiliteit,17
54607c72-f7f0-5106-874f-ff352975ea48,Persoonlijke gerichtheid,Stressbestendigheid,11
54607c72-f7f0-5106-874f-ff352975ea48,Persoonlijke gerichtheid,Ambitie,59
54607c72-f7f0-5106-874f-ff352975ea48,Persoonlijke gerichtheid,Zelfstandigheid,25
54607c72-f7f0-5106-874f-ff352975ea48,Persoonlijke gerichtheid,Doorzettingsvermogen,46
54607c72-f7f0-5106-874f-ff352975ea48,Persoonlijke gerichtheid,Resultaatgerichtheid,56
54607c72-f7f0-5106-874f-ff352975ea48,Persoonlijke gerichtheid,Leerbereidheid,53
54607c72-f7f0-5106-874f-ff352975ea48,Persoonlijke gerichtheid,Inzet,37
54607c72-f7f0-5106-874f-ff352975ea48,Persoonlijke gerichtheid,Nauwkeurigheid,64
54607c72-f7f0-5106-874f-ff352975ea48,Organisatiegerichtheid,Organisatiesensitiviteit,64
54607c72-f7f0-5106-874f-ff352975ea48,Organisatiegerichtheid,Klantoriëntatie,52
54607c72-f7f0-5106-874f-ff352975ea48,Organisatiegerichtheid,Kwaliteitsgerichtheid,63
54607c72-f7f0-5106-874f-ff352975ea48,Organisatiegerichtheid,Ondernemerschap,35
54607c72-f7f0-5106-874f-ff352975ea48,Beïnvloedend vermogen,Overtuigingskracht,21
54607c72-f7f0-5106-874f-ff352975ea48,Beïnvloedend vermogen,Aansturen van groepen,47
54607c72-f7f0-5106-874f-ff352975ea48,Beïnvloedend vermogen,Aansturen van individuen,41
54607c72-f7f0-5106-874f-ff352975ea48,Beïnvloedend vermogen,Coachen van medewerkers,58
54607c72-f7f0-5106-874f-ff352975ea48,Beïnvloedend vermogen,Onderhandelen,35
54607c72-f7f0-5106-874f-ff352975ea48,Organisatie vermogen,Plannen en organiseren,54
54607c72-f7f0-5106-874f-ff352975ea48,Organisatie vermogen,Delegeren,43
54607c72-f7f0-5106-874f-ff352975ea48,Organisatie vermogen,Voortgangscontrole,50
54607c72-f7f0-5106-874f-ff352975ea48,Relationeel vermogen,Sensitiviteit,55
54607c72-f7f0-5106-874f-ff352975ea48,Relationeel vermogen,Samenwerking,60
54607c72-f7f0-5106-874f-ff352975ea48,Relationeel vermogen,Optreden,31
54607c72-f7f0-5106-874f-ff352975ea48,Relationeel vermogen,Relatiebeheer,48
54607c72-f7f0-5106-874f-ff352975ea48,Relationeel vermogen,Sociabiliteit,55
54607c72-f7f0-5106-874f-ff352975ea48,Relationeel vermogen,Assertiviteit,23
fe1661b9-4971-54a3-b310-1b7dadb63fcc,Persoonlijke gerichtheid,Initiatief,66
fe1661b9-4971-54a3-b310-1b7dadb63fcc,Persoonlijke gerichtheid,Besluitvaardigheid,37
fe1661b9-4971-54a3-b310-1b7dadb63fcc,Persoonlijke gerichtheid,Flexibiliteit,52
fe1661b9-4971-54a3-b310-1b7dadb63fcc,Persoonlijke gerichtheid,Stressbestendigheid,59
fe1661b9-4971-54a3-b310-1b7dadb63fcc,Persoonlijke gerichtheid,Ambitie,54
fe1661b9-4971-54a3-b310-1b7dadb63fcc,Persoonlijke gerichtheid,Zelfstandigheid,52
fe1661b9-4971-54a3-b310-1b7dadb63fcc,Persoonlijke gerichtheid,Doorzettingsvermogen,71
fe1661b9-4971-54a3-b310-1b7dadb63fcc,Persoonlijke gerichtheid,Resultaatgerichtheid,62
fe1661b9-4971-54a3-b310-1b7dadb63fcc,Persoonlijke gerichtheid,Leerbereidheid,54
fe1661b9-4971-54a3-b310-1b7dadb63fcc,Persoonlijke gerichtheid,Inzet,77
fe1661b9-4971-54a3-b310-1b7dadb63fcc,Persoonlijke gerichtheid,Nauwkeurigheid,69
fe1661b9-4971-54a3-b310-1b7dadb63fcc,Organisatiegerichtheid,Organisatiesensitiviteit,59
fe1661b9-4971-54a3-b310-1b7dadb63fcc,Organisatiegerichtheid,Klantoriëntatie,77
fe1661b9-4971-54a3-b310-1b7dadb63fcc,Organisatiegerichtheid,Kwaliteitsgerichtheid,71
fe1661b9-4971-54a3-b310-1b7dadb63fcc,Organisatiegerichtheid,Ondernemerschap,61
fe1661b9-4971-54a3-b310-1b7dadb63fcc,Beïnvloedend vermogen,Overtuigingskracht,57
fe1661b9-4971-54a3-b310-1b7dadb63fcc,Beïnvloedend vermogen,Aansturen van groepen,57
fe1661b9-4971-54a3-b310-1b7dadb63fcc,Beïnvloedend vermogen,Aansturen van individuen,69
fe1661b9-4971-54a3-b310-1b7dadb63fcc,Beïnvloedend vermogen,Coachen van medewerkers,67
fe1661b9-4971-54a3-b310-1b7dadb63fcc,Beïnvloedend vermogen,Onderhandelen,65
fe1661b9-4971-54a3-b310-1b7dadb63fcc,Organisatie vermogen,Plannen en organiseren,75
fe1661b9-4971-54a3-b310-1b7dadb63fcc,Organisatie vermogen,Delegeren,73
fe1661b9-4971-54a3-b310-1b7dadb63fcc,Organisatie vermogen,Voortgangscontrole,73
fe1661b9-4971-54a3-b310-1b7dadb63fcc,Relationeel vermogen,Sensitiviteit,69
fe1661b9-4971-54a3-b310-1b7dadb63fcc,Relationeel vermogen,Samenwerking,70
fe1661b9-4971-54a3-b310-1b7dadb63fcc,Relationeel vermogen,Optreden,70
fe1661b9-4971-54a3-b310-1b7dadb63fcc,Relationeel vermogen,Relatiebeheer,79
fe1661b9-4971-54a3-b310-1b7dadb63fcc,Relationeel vermogen,Sociabiliteit,79
fe1661b9-4971-54a3-b310-1b7dadb63fcc,Relationeel vermogen,Assertiviteit,53
debd2b0d-0e57-5d40-90ef-74cdb7758757,Persoonlijke gerichtheid,Initiatief,50
debd2b0d-0e57-5d40-90ef-74cdb7758757,Persoonlijke gerichtheid,Besluitvaardigheid,43
debd2b0d-0e57-5d40-90ef-74cdb7758757,Persoonlijke gerichtheid,Flexibiliteit,42
debd2b0d-0e57-5d40-90ef-74cdb7758757,Persoonlijke gerichtheid,Stressbestendigheid,37
debd2b0d-0e57-5d40-90ef-74cdb7758757,Persoonlijke gerichtheid,Ambitie,63
debd2b0d-0e57-5d40-90ef-74cdb7758757,Persoonlijke gerichtheid,Zelfstandigheid,46
debd2b0d-0e57-5d40-90ef-74cdb7758757,Persoonlijke gerichtheid,Doorzettingsvermogen,44
debd2b0d-0e57-5d40-90ef-74cdb7758757,Persoonlijke gerichtheid,Resultaatgerichtheid,59
debd2b0d-0e57-5d40-90ef-74cdb7758757,Persoonlijke gerichtheid,Leerbereidheid,66
debd2b0d-0e57-5d40-90ef-74cdb7758757,Persoonlijke gerichtheid,Inzet,46
debd2b0d-0e57-5d40-90ef-74cdb7758757,Persoonlijke gerichtheid,Nauwkeurigheid,59
debd2b0d-0e57-5d40-90ef-74cdb7758757,Organisatiegerichtheid,Organisatiesensitiviteit,64
debd2b0d-0e57-5d40-90ef-74cdb7758757,Organisatiegerichtheid,Klantoriëntatie,64
debd2b0d-0e57-5d40-90ef-74cdb7758757,Organisatiegerichtheid,Kwaliteitsgerichtheid,54
debd2b0d-0e57-5d40-90ef-74cdb7758757,Organisatiegerichtheid,Ondernemerschap,49
debd2b0d-0e57-5d40-90ef-74cdb7758757,Beïnvloedend vermogen,Overtuigingskracht,48
debd2b0d-0e57-5d40-90ef-74cdb7758757,Beïnvloedend vermogen,Aansturen van groepen,44
debd2b0d-0e57-5d40-90ef-74cdb7758757,Beïnvloedend vermogen,Aansturen van individuen,61
debd2b0d-0e57-5d40-90ef-74cdb7758757,Beïnvloedend vermogen,Coachen van medewerkers,68
debd2b0d-0e57-5d40-90ef-74cdb7758757,Beïnvloedend vermogen,Onderhandelen,50
debd2b0d-0e57-5d40-90ef-74cdb7758757,Organisatie vermogen,Plannen en organiseren,49
debd2b0d-0e57-5d40-90ef-74cdb7758757,Organisatie vermogen,Delegeren,75
debd2b0d-0e57-5d40-90ef-74cdb7758757,Organisatie vermogen,Voortgangscontrole,56
debd2b0d-0e57-5d40-90ef-74cdb7758757,Relationeel vermogen,Sensitiviteit,68
debd2b0d-0e57-5d40-90ef-74cdb7758757,Relationeel vermogen,Samenwerking,65
debd2b0d-0e57-5d40-90ef-74cdb7758757,Relationeel vermogen,Optreden,67
debd2b0d-0e57-5d40-90ef-74cdb7758757,Relationeel vermogen,Relatiebeheer,59
debd2b0d-0e57-5d40-90ef-74cdb7758757,Relationeel vermogen,Sociabiliteit,66
debd2b0d-0e57-5d40-90ef-74cdb7758757,Relationeel vermogen,Assertiviteit,45
1d86b3eb-82cf-5248-9a19-5472e1913b44,Persoonlijke gerichtheid,Initiatief,29
1d86b3eb-82cf-5248-9a19-5472e1913b44,Persoonlijke gerichtheid,Besluitvaardigheid,34
1d86b3eb-82cf-5248-9a19-5472e1913b44,Persoonlijke gerichtheid,Flexibiliteit,36
1d86b3eb-82cf-5248-9a19-5472e1913b44,Persoonlijke gerichtheid,Stressbestendigheid,41
1d86b3eb-82cf-5248-9a19-5472e1913b44,Persoonlijke gerichtheid,Ambitie,50
1d86b3eb-82cf-5248-9a19-5472e1913b44,Persoonlijke gerichtheid,Zelfstandigheid,30
1d86b3eb-82cf-5248-9a19-5472e1913b44,Persoonlijke gerichtheid,Doorzettingsvermogen,34
1d86b3eb-82cf-5248-9a19-5472e1913b44,Persoonlijke gerichtheid,Resultaatgerichtheid,44
1d86b3eb-82cf-5248-9a19-5472e1913b44,Persoonlijke gerichtheid,Leerbereidheid,50
1d86b3eb-82cf-5248-9a19-5472e1913b44,Persoonlijke gerichtheid,Inzet,25
1d86b3eb-82cf-5248-9a19-5472e1913b44,Persoonlijke gerichtheid,Nauwkeurigheid,73
1d86b3eb-82cf-5248-9a19-5472e1913b44,Organisatiegerichtheid,Organisatiesensitiviteit,51
1d86b3eb-82cf-5248-9a19-5472e1913b44,Organisatiegerichtheid,Klantoriëntatie,43
1d86b3eb-82cf-5248-9a19-5472e1913b44,Organisatiegerichtheid,Kwaliteitsgerichtheid,71
1d86b3eb-82cf-5248-9a19-5472e1913b44,Organisatiegerichtheid,Ondernemerschap,35
1d86b3eb-82cf-5248-9a19-5472e1913b44,Beïnvloedend vermogen,Overtuigingskracht,33
1d86b3eb-82cf-5248-9a19-5472e1913b44,Beïnvloedend vermogen,Aansturen van groepen,41
1d86b3eb-82cf-5248-9a19-5472e1913b44,Beïnvloedend vermogen,Aansturen van individuen,25
1d86b3eb-82cf-5248-9a19-5472e1913b44,Beïnvloedend vermogen,Coachen van medewerkers,46
1d86b3eb-82cf-5248-9a19-5472e1913b44,Beïnvloedend vermogen,Onderhandelen,33
1d86b3eb-82cf-5248-9a19-5472e1913b44,Organisatie vermogen,Plannen en organiseren,49
1d86b3eb-82cf-5248-9a19-5472e1913b44,Organisatie vermogen,Delegeren,46
1d86b3eb-82cf-5248-9a19-5472e1913b44,Organisatie vermogen,Voortgangscontrole,44
1d86b3eb-82cf-5248-9a19-5472e1913b44,Relationeel vermogen,Sensitiviteit,52
1d86b3eb-82cf-5248-9a19-5472e1913b44,Relationeel vermogen,Samenwerking,52
1d86b3eb-82cf-5248-9a19-5472e1913b44,Relationeel vermogen,Optreden,32
1d86b3eb-82cf-5248-9a19-5472e1913b44,Relationeel vermogen,Relatiebeheer,33
1d86b3eb-82cf-5248-9a19-5472e1913b44,Relationeel vermogen,Sociabiliteit,42
1d86b3eb-82cf-5248-9a19-5472e1913b44,Relationeel vermogen,Assertiviteit,32
a992c073-f865-5a4d-acd2-1ec24f2db87e,Persoonlijke gerichtheid,Initiatief,29
a992c073-f865-5a4d-acd2-1ec24f2db87e,Persoonlijke gerichtheid,Besluitvaardigheid,38
a992c073-f865-5a4d-acd2-1ec24f2db87e,Persoonlijke gerichtheid,Flexibiliteit,31
a992c073-f865-5a4d-acd2-1ec24f2db87e,Persoonlijke gerichtheid,Stressbestendigheid,71
a992c073-f865-5a4d-acd2-1ec24f2db87e,Persoonlijke gerichtheid,Ambitie,37
a992c073-f865-5a4d-acd2-1ec24f2db87e,Persoonlijke gerichtheid,Zelfstandigheid,50
a992c073-f865-5a4d-acd2-1ec24f2db87e,Persoonlijke gerichtheid,Doorzettingsvermogen,44
a992c073-f865-5a4d-acd2-1ec24f2db87e,Persoonlijke gerichtheid,Resultaatgerichtheid,30
a992c073-f865-5a4d-acd2-1ec24f2db87e,Persoonlijke gerichtheid,Leerbereidheid,51
a992c073-f865-5a4d-acd2-1ec24f2db87e,Persoonlijke gerichtheid,Inzet,34
a992c073-f865-5a4d-acd2-1ec24f2db87e,Persoonlijke gerichtheid,Nauwkeurigheid,56
a992c073-f865-5a4d-acd2-1ec24f2db87e,Organisatiegerichtheid,Organisatiesensitiviteit,52
a992c073-f865-5a4d-acd2-1ec24f2db87e,Organisatiegerichtheid,Klantoriëntatie,44
a992c073-f865-5a4d-acd2-1ec24f2db87e,Organisatiegerichtheid,Kwaliteitsgerichtheid,59
a992c073-f865-5a4d-acd2-1ec24f2db87e,Organisatiegerichtheid,Ondernemerschap,38
a992c073-f865-5a4d-acd2-1ec24f2db87e,Beïnvloedend vermogen,Overtuigingskracht,53
a992c073-f865-5a4d-acd2-1ec24f2db87e,Beïnvloedend vermogen,Aansturen van groepen,48
a992c073-f865-5a4d-acd2-1ec24f2db87e,Beïnvloedend vermogen,Aansturen van individuen,51
a992c073-f865-5a4d-acd2-1ec24f2db87e,Beïnvloedend vermogen,Coachen van medewerkers,47
a992c073-f865-5a4d-acd2-1ec24f2db87e,Beïnvloedend vermogen,Onderhandelen,49
a992c073-f865-5a4d-acd2-1ec24f2db87e,Organisatie vermogen,Plannen en organiseren,40
a992c073-f865-5a4d-acd2-1ec24f2db87e,Organisatie vermogen,Delegeren,52
a992c073-f865-5a4d-acd2-1ec24f2db87e,Organisatie vermogen,Voortgangscontrole,44
a992c073-f865-5a4d-acd2-1ec24f2db87e,Relationeel vermogen,Sensitiviteit,52
a992c073-f865-5a4d-acd2-1ec24f2db87e,Relationeel vermogen,Samenwerking,51
a992c073-f865-5a4d-acd2-1ec24f2db87e,Relationeel vermogen,Optreden,32
a992c073-f865-5a4d-acd2-1ec24f2db87e,Relationeel vermogen,Relatiebeheer,27
a992c073-f865-5a4d-acd2-1ec24f2db87e,Relationeel vermogen,Sociabiliteit,39
a992c073-f865-5a4d-acd2-1ec24f2db87e,Relationeel vermogen,Assertiviteit,44
0b8c4ad8-0c0a-58a8-9c41-6afa58400dc3,Persoonlijke gerichtheid,Initiatief,16
0b8c4ad8-0c0a-58a8-9c41-6afa58400dc3,Persoonlijke gerichtheid,Besluitvaardigheid,36
0b8c4ad8-0c0a-58a8-9c41-6afa58400dc3,Persoonlijke gerichtheid,Flexibiliteit,48
0b8c4ad8-0c0a-58a8-9c41-6afa58400dc3,Persoonlijke gerichtheid,Stressbestendigheid,21
0b8c4ad8-0c0a-58a8-9c41-6afa58400dc3,Persoonlijke gerichtheid,Ambitie,67
0b8c4ad8-0c0a-58a8-9c41-6afa58400dc3,Persoonlijke gerichtheid,Zelfstandigheid,38
0b8c4ad8-0c0a-58a8-9c41-6afa58400dc3,Persoonlijke gerichtheid,Doorzettingsvermogen,34
0b8c4ad8-0c0a-58a8-9c41-6afa58400dc3,Persoonlijke gerichtheid,Resultaatgerichtheid,50
0b8c4ad8-0c0a-58a8-9c41-6afa58400dc3,Persoonlijke gerichtheid,Leerbereidheid,74
0b8c4ad8-0c0a-58a8-9c41-6afa58400dc3,Persoonlijke gerichtheid,Inzet,21
0b8c4ad8-0c0a-58a8-9c41-6afa58400dc3,Persoonlijke gerichtheid,Nauwkeurigheid,36
0b8c4ad8-0c0a-58a8-9c41-6afa58400dc3,Organisatiegerichtheid,Organisatiesensitiviteit,38
0b8c4ad8-0c0a-58a8-9c41-6afa58400dc3,Organisatiegerichtheid,Klantoriëntatie,24
0b8c4ad8-0c0a-58a8-9c41-6afa58400dc3,Organisatiegerichtheid,Kwaliteitsgerichtheid,37
0b8c4ad8-0c0a-58a8-9c41-6afa58400dc3,Organisatiegerichtheid,Ondernemerschap,38
0b8c4ad8-0c0a-58a8-9c41-6afa58400dc3,Beïnvloedend vermogen,Overtuigingskracht,35
0b8c4ad8-0c0a-58a8-9c41-6afa58400dc3,Beïnvloedend vermogen,Aansturen van groepen,45
0b8c4ad8-0c0a-58a8-9c41-6afa58400dc3,Beïnvloedend vermogen,Aansturen van individuen,34
0b8c4ad8-0c0a-58a8-9c41-6afa58400dc3,Beïnvloedend vermogen,Coachen van medewerkers,39
0b8c4ad8-0c0a-58a8-9c41-6afa58400dc3,Beïnvloedend vermogen,Onderhandelen,38
0b8c4ad8-0c0a-58a8-9c41-6afa58400dc3,Organisatie vermogen,Plannen en organiseren,27
0b8c4ad8-0c0a-58a8-9c41-6afa58400dc3,Organisatie vermogen,Delegeren,37
0b8c4ad8-0c0a-58a8-9c41-6afa58400dc3,Organisatie vermogen,Voortgangscontrole,30
0b8c4ad8-0c0a-58a8-9c41-6afa58400dc3,Relationeel vermogen,Sensitiviteit,38
0b8c4ad8-0c0a-58a8-9c41-6afa58400dc3,Relationeel vermogen,Samenwerking,26
0b8c4ad8-0c0a-58a8-9c41-6afa58400dc3,Relationeel vermogen,Optreden,23
0b8c4ad8-0c0a-58a8-9c41-6afa58400dc3,Relationeel vermogen,Relatiebeheer,19
0b8c4ad8-0c0a-58a8-9c41-6afa58400dc3,Relationeel vermogen,Sociabiliteit,16
0b8c4ad8-0c0a-58a8-9c41-6afa58400dc3,Relationeel vermogen,Assertiviteit,36
230154a9-def4-5404-a86e-ec8626ee4c95,Persoonlijke gerichtheid,Initiatief,27
230154a9-def4-5404-a86e-ec8626ee4c95,Persoonlijke gerichtheid,Besluitvaardigheid,44
230154a9-def4-5404-a86e-ec8626ee4c95,Persoonlijke gerichtheid,Flexibiliteit,32
230154a9-def4-5404-a86e-ec8626ee4c95,Persoonlijke gerichtheid,Stressbestendigheid,41
230154a9-def4-5404-a86e-ec8626ee4c95,Persoonlijke gerichtheid,Ambitie,14
230154a9-def4-5404-a86e-ec8626ee4c95,Persoonlijke gerichtheid,Zelfstandigheid,52
230154a9-def4-5404-a86e-ec8626ee4c95,Persoonlijke gerichtheid,Doorzettingsvermogen,16
230154a9-def4-5404-a86e-ec8626ee4c95,Persoonlijke gerichtheid,Resultaatgerichtheid,9
230154a9-def4-5404-a86e-ec8626ee4c95,Persoonlijke gerichtheid,Leerbereidheid,40
230154a9-def4-5404-a86e-ec8626ee4c95,Persoonlijke gerichtheid,Inzet,14
230154a9-def4-5404-a86e-ec8626ee4c95,Persoonlijke gerichtheid,Nauwkeurigheid,25
230154a9-def4-5404-a86e-ec8626ee4c95,Organisatiegerichtheid,Organisatiesensitiviteit,54
230154a9-def4-5404-a86e-ec8626ee4c95,Organisatiegerichtheid,Klantoriëntatie,34
230154a9-def4-5404-a86e-ec8626ee4c95,Organisatiegerichtheid,Kwaliteitsgerichtheid,21
230154a9-def4-5404-a86e-ec8626ee4c95,Organisatiegerichtheid,Ondernemerschap,28
230154a9-def4-5404-a86e-ec8626ee4c95,Beïnvloedend vermogen,Overtuigingskracht,38
230154a9-def4-5404-a86e-ec8626ee4c95,Beïnvloedend vermogen,Aansturen van groepen,29
230154a9-def4-5404-a86e-ec8626ee4c95,Beïnvloedend vermogen,Aansturen van individuen,44
230154a9-def4-5404-a86e-ec8626ee4c95,Beïnvloedend vermogen,Coachen van medewerkers,47
230154a9-def4-5404-a86e-ec8626ee4c95,Beïnvloedend vermogen,Onderhandelen,32
230154a9-def4-5404-a86e-ec8626ee4c95,Organisatie vermogen,Plannen en organiseren,16
230154a9-def4-5404-a86e-ec8626ee4c95,Organisatie vermogen,Delegeren,46
230154a9-def4-5404-a86e-ec8626ee4c95,Organisatie vermogen,Voortgangscontrole,22
230154a9-def4-5404-a86e-ec8626ee4c95,Relationeel vermogen,Sensitiviteit,48
230154a9-def4-5404-a86e-ec8626ee4c95,Relationeel vermogen,Samenwerking,43
230154a9-def4-5404-a86e-ec8626ee4c95,Relationeel vermogen,Optreden,38
230154a9-def4-5404-a86e-ec8626ee4c95,Relationeel vermogen,Relatiebeheer,23
230154a9-def4-5404-a86e-ec8626ee4c95,Relationeel vermogen,Sociabiliteit,31
230154a9-def4-5404-a86e-ec8626ee4c95,Relationeel vermogen,Assertiviteit,40
de12a2c7-d545-55e2-bd43-69fab0a50149,Persoonlijke gerichtheid,Initiatief,29
de12a2c7-d545-55e2-bd43-69fab0a50149,Persoonlijke gerichtheid,Besluitvaardigheid,30
de12a2c7-d545-55e2-bd43-69fab0a50149,Persoonlijke gerichtheid,Flexibiliteit,35
de12a2c7-d545-55e2-bd43-69fab0a50149,Persoonlijke gerichtheid,Stressbestendigheid,33
de12a2c7-d545-55e2-bd43-69fab0a50149,Persoonlijke gerichtheid,Ambitie,59
de12a2c7-d545-55e2-bd43-69fab0a50149,Persoonlijke gerichtheid,Zelfstandigheid,31
de12a2c7-d545-55e2-bd43-69fab0a50149,Persoonlijke gerichtheid,Doorzettingsvermogen,39
de12a2c7-d545-55e2-bd43-69fab0a50149,Persoonlijke gerichtheid,Resultaatgerichtheid,38
de12a2c7-d545-55e2-bd43-69fab0a50149,Persoonlijke gerichtheid,Leerbereidheid,57
de12a2c7-d545-55e2-bd43-69fab0a50149,Persoonlijke gerichtheid,Inzet,31
de12a2c7-d545-55e2-bd43-69fab0a50149,Persoonlijke gerichtheid,Nauwkeurigheid,25
de12a2c7-d545-55e2-bd43-69fab0a50149,Organisatiegerichtheid,Organisatiesensitiviteit,62
de12a2c7-d545-55e2-bd43-69fab0a50149,Organisatiegerichtheid,Klantoriëntatie,36
de12a2c7-d545-55e2-bd43-69fab0a50149,Organisatiegerichtheid,Kwaliteitsgerichtheid,21
de12a2c7-d545-55e2-bd43-69fab0a50149,Organisatiegerichtheid,Ondernemerschap,34
de12a2c7-d545-55e2-bd43-69fab0a50149,Beïnvloedend vermogen,Overtuigingskracht,26
de12a2c7-d545-55e2-bd43-69fab0a50149,Beïnvloedend vermogen,Aansturen van groepen,45
de12a2c7-d545-55e2-bd43-69fab0a50149,Beïnvloedend vermogen,Aansturen van individuen,34
de12a2c7-d545-55e2-bd43-69fab0a50149,Beïnvloedend vermogen,Coachen van medewerkers,47
de12a2c7-d545-55e2-bd43-69fab0a50149,Beïnvloedend vermogen,Onderhandelen,30
de12a2c7-d545-55e2-bd43-69fab0a50149,Organisatie vermogen,Plannen en organiseren,29
de12a2c7-d545-55e2-bd43-69fab0a50149,Organisatie vermogen,Delegeren,61
de12a2c7-d545-55e2-bd43-69fab0a50149,Organisatie vermogen,Voortgangscontrole,30
de12a2c7-d545-55e2-bd43-69fab0a50149,Relationeel vermogen,Sensitiviteit,52
de12a2c7-d545-55e2-bd43-69fab0a50149,Relationeel vermogen,Samenwerking,59
de12a2c7-d545-55e2-bd43-69fab0a50149,Relationeel vermogen,Optreden,33
de12a2c7-d545-55e2-bd43-69fab0a50149,Relationeel vermogen,Relatiebeheer,37
de12a2c7-d545-55e2-bd43-69fab0a50149,Relationeel vermogen,Sociabiliteit,35
de12a2c7-d545-55e2-bd43-69fab0a50149,Relationeel vermogen,Assertiviteit,29
