File ID,Hoofdcompetentie,Subcompetentie,Percentage,Perc_Group
bbb0d942-a1c9-5a2d-a36b-2ab007243a1f,Persoonlijke gerichtheid,Initiatief,27,0
bbb0d942-a1c9-5a2d-a36b-2ab007243a1f,Persoonlijke gerichtheid,Besluitvaardigheid,31,0
bbb0d942-a1c9-5a2d-a36b-2ab007243a1f,Persoonlijke gerichtheid,Flexibiliteit,57,1
bbb0d942-a1c9-5a2d-a36b-2ab007243a1f,Persoonlijke gerichtheid,Stressbestendigheid,63,1
bbb0d942-a1c9-5a2d-a36b-2ab007243a1f,Persoonlijke gerichtheid,Ambitie,37,0
bbb0d942-a1c9-5a2d-a36b-2ab007243a1f,Persoonlijke gerichtheid,Zelfstandigheid,51,1
bbb0d942-a1c9-5a2d-a36b-2ab007243a1f,Persoonlijke gerichtheid,Doorzettingsvermogen,46,1
bbb0d942-a1c9-5a2d-a36b-2ab007243a1f,Persoonlijke gerichtheid,Resultaatgerichtheid,33,0
bbb0d942-a1c9-5a2d-a36b-2ab007243a1f,Persoonlijke gerichtheid,Leerbereidheid,73,2
bbb0d942-a1c9-5a2d-a36b-2ab007243a1f,Persoonlijke gerichtheid,Inzet,30,0
bbb0d942-a1c9-5a2d-a36b-2ab007243a1f,Persoonlijke gerichtheid,Nauwkeurigheid,25,0
bbb0d942-a1c9-5a2d-a36b-2ab007243a1f,Organisatiegerichtheid,Organisatiesensitiviteit,50,1
bbb0d942-a1c9-5a2d-a36b-2ab007243a1f,Organisatiegerichtheid,Klantoriëntatie,50,1
bbb0d942-a1c9-5a2d-a36b-2ab007243a1f,Organisatiegerichtheid,Kwaliteitsgerichtheid,29,0
bbb0d942-a1c9-5a2d-a36b-2ab007243a1f,Organisatiegerichtheid,Ondernemerschap,38,0
bbb0d942-a1c9-5a2d-a36b-2ab007243a1f,Beïnvloedend vermogen,Overtuigingskracht,49,1
bbb0d942-a1c9-5a2d-a36b-2ab007243a1f,Beïnvloedend vermogen,Aansturen van groepen,36,0
bbb0d942-a1c9-5a2d-a36b-2ab007243a1f,Beïnvloedend vermogen,Aansturen van individuen,36,0
bbb0d942-a1c9-5a2d-a36b-2ab007243a1f,Beïnvloedend vermogen,Coachen van medewerkers,52,1
bbb0d942-a1c9-5a2d-a36b-2ab007243a1f,Beïnvloedend vermogen,Onderhandelen,46,1
bbb0d942-a1c9-5a2d-a36b-2ab007243a1f,Organisatie vermogen,Plannen en organiseren,33,0
bbb0d942-a1c9-5a2d-a36b-2ab007243a1f,Organisatie vermogen,Delegeren,46,1
bbb0d942-a1c9-5a2d-a36b-2ab007243a1f,Organisatie vermogen,Voortgangscontrole,27,0
bbb0d942-a1c9-5a2d-a36b-2ab007243a1f,Relationeel vermogen,Sensitiviteit,60,1
bbb0d942-a1c9-5a2d-a36b-2ab007243a1f,Relationeel vermogen,Samenwerking,43,1
bbb0d942-a1c9-5a2d-a36b-2ab007243a1f,Relationeel vermogen,Optreden,24,0
bbb0d942-a1c9-5a2d-a36b-2ab007243a1f,Relationeel vermogen,Relatiebeheer,19,0
bbb0d942-a1c9-5a2d-a36b-2ab007243a1f,Relationeel vermogen,Sociabiliteit,41,1
bbb0d942-a1c9-5a2d-a36b-2ab007243a1f,Relationeel vermogen,Assertiviteit,37,0
5c0747ca-674f-5dcd-aa3d-0dda5a77c658,Persoonlijke gerichtheid,Initiatief,75,2
5c0747ca-674f-5dcd-aa3d-0dda5a77c658,Persoonlijke gerichtheid,Besluitvaardigheid,48,1
5c0747ca-674f-5dcd-aa3d-0dda5a77c658,Persoonlijke gerichtheid,Flexibiliteit,72,2
5c0747ca-674f-5dcd-aa3d-0dda5a77c658,Persoonlijke gerichtheid,Stressbestendigheid,67,1
5c0747ca-674f-5dcd-aa3d-0dda5a77c658,Persoonlijke gerichtheid,Ambitie,63,1
5c0747ca-674f-5dcd-aa3d-0dda5a77c658,Persoonlijke gerichtheid,Zelfstandigheid,31,0
5c0747ca-674f-5dcd-aa3d-0dda5a77c658,Persoonlijke gerichtheid,Doorzettingsvermogen,54,1
5c0747ca-674f-5dcd-aa3d-0dda5a77c658,Persoonlijke gerichtheid,Resultaatgerichtheid,53,1
5c0747ca-674f-5dcd-aa3d-0dda5a77c658,Persoonlijke gerichtheid,Leerbereidheid,62,1
5c0747ca-674f-5dcd-aa3d-0dda5a77c658,Persoonlijke gerichtheid,Inzet,66,1
5c0747ca-674f-5dcd-aa3d-0dda5a77c658,Persoonlijke gerichtheid,Nauwkeurigheid,64,1
5c0747ca-674f-5dcd-aa3d-0dda5a77c658,Organisatiegerichtheid,Organisatiesensitiviteit,62,1
5c0747ca-674f-5dcd-aa3d-0dda5a77c658,Organisatiegerichtheid,Klantoriëntatie,69,1
5c0747ca-674f-5dcd-aa3d-0dda5a77c658,Organisatiegerichtheid,Kwaliteitsgerichtheid,63,1
5c0747ca-674f-5dcd-aa3d-0dda5a77c658,Organisatiegerichtheid,Ondernemerschap,66,1
5c0747ca-674f-5dcd-aa3d-0dda5a77c658,Beïnvloedend vermogen,Overtuigingskracht,67,1
5c0747ca-674f-5dcd-aa3d-0dda5a77c658,Beïnvloedend vermogen,Aansturen van groepen,60,1
5c0747ca-674f-5dcd-aa3d-0dda5a77c658,Beïnvloedend vermogen,Aansturen van individuen,69,1
5c0747ca-674f-5dcd-aa3d-0dda5a77c658,Beïnvloedend vermogen,Coachen van medewerkers,64,1
5c0747ca-674f-5dcd-aa3d-0dda5a77c658,Beïnvloedend vermogen,Onderhandelen,58,1
5c0747ca-674f-5dcd-aa3d-0dda5a77c658,Organisatie vermogen,Plannen en organiseren,64,1
5c0747ca-674f-5dcd-aa3d-0dda5a77c658,Organisatie vermogen,Delegeren,75,2
5c0747ca-674f-5dcd-aa3d-0dda5a77c658,Organisatie vermogen,Voortgangscontrole,65,1
5c0747ca-674f-5dcd-aa3d-0dda5a77c658,Relationeel vermogen,Sensitiviteit,71,2
5c0747ca-674f-5dcd-aa3d-0dda5a77c658,Relationeel vermogen,Samenwerking,75,2
5c0747ca-674f-5dcd-aa3d-0dda5a77c658,Relationeel vermogen,Optreden,69,1
5c0747ca-674f-5dcd-aa3d-0dda5a77c658,Relationeel vermogen,Relatiebeheer,83,2
5c0747ca-674f-5dcd-aa3d-0dda5a77c658,Relationeel vermogen,Sociabiliteit,75,2
5c0747ca-674f-5dcd-aa3d-0dda5a77c658,Relationeel vermogen,Assertiviteit,51,1
06f319de-6e2d-596f-a545-d3fed5b048f1,Persoonlijke gerichtheid,Initiatief,35,0
06f319de-6e2d-596f-a545-d3fed5b048f1,Persoonlijke gerichtheid,Besluitvaardigheid,50,1
06f319de-6e2d-596f-a545-d3fed5b048f1,Persoonlijke gerichtheid,Flexibiliteit,34,0
06f319de-6e2d-596f-a545-d3fed5b048f1,Persoonlijke gerichtheid,Stressbestendigheid,41,1
06f319de-6e2d-596f-a545-d3fed5b048f1,Persoonlijke gerichtheid,Ambitie,59,1
06f319de-6e2d-596f-a545-d3fed5b048f1,Persoonlijke gerichtheid,Zelfstandigheid,63,1
06f319de-6e2d-596f-a545-d3fed5b048f1,Persoonlijke gerichtheid,Doorzettingsvermogen,44,1
06f319de-6e2d-596f-a545-d3fed5b048f1,Persoonlijke gerichtheid,Resultaatgerichtheid,53,1
06f319de-6e2d-596f-a545-d3fed5b048f1,Persoonlijke gerichtheid,Leerbereidheid,54,1
06f319de-6e2d-596f-a545-d3fed5b048f1,Persoonlijke gerichtheid,Inzet,36,0
06f319de-6e2d-596f-a545-d3fed5b048f1,Persoonlijke gerichtheid,Nauwkeurigheid,59,1
06f319de-6e2d-596f-a545-d3fed5b048f1,Organisatiegerichtheid,Organisatiesensitiviteit,39,0
06f319de-6e2d-596f-a545-d3fed5b048f1,Organisatiegerichtheid,Klantoriëntatie,45,1
06f319de-6e2d-596f-a545-d3fed5b048f1,Organisatiegerichtheid,Kwaliteitsgerichtheid,59,1
06f319de-6e2d-596f-a545-d3fed5b048f1,Organisatiegerichtheid,Ondernemerschap,44,1
06f319de-6e2d-596f-a545-d3fed5b048f1,Beïnvloedend vermogen,Overtuigingskracht,47,1
06f319de-6e2d-596f-a545-d3fed5b048f1,Beïnvloedend vermogen,Aansturen van groepen,45,1
06f319de-6e2d-596f-a545-d3fed5b048f1,Beïnvloedend vermogen,Aansturen van individuen,51,1
06f319de-6e2d-596f-a545-d3fed5b048f1,Beïnvloedend vermogen,Coachen van medewerkers,54,1
06f319de-6e2d-596f-a545-d3fed5b048f1,Beïnvloedend vermogen,Onderhandelen,49,1
06f319de-6e2d-596f-a545-d3fed5b048f1,Organisatie vermogen,Plannen en organiseren,43,1
06f319de-6e2d-596f-a545-d3fed5b048f1,Organisatie vermogen,Delegeren,39,0
06f319de-6e2d-596f-a545-d3fed5b048f1,Organisatie vermogen,Voortgangscontrole,50,1
06f319de-6e2d-596f-a545-d3fed5b048f1,Relationeel vermogen,Sensitiviteit,47,1
06f319de-6e2d-596f-a545-d3fed5b048f1,Relationeel vermogen,Samenwerking,30,0
06f319de-6e2d-596f-a545-d3fed5b048f1,Relationeel vermogen,Optreden,45,1
06f319de-6e2d-596f-a545-d3fed5b048f1,Relationeel vermogen,Relatiebeheer,37,0
06f319de-6e2d-596f-a545-d3fed5b048f1,Relationeel vermogen,Sociabiliteit,42,1
06f319de-6e2d-596f-a545-d3fed5b048f1,Relationeel vermogen,Assertiviteit,46,1
a5bc65f4-cbe4-5303-9ac4-0a97089e3ec2,Persoonlijke gerichtheid,Initiatief,55,1
a5bc65f4-cbe4-5303-9ac4-0a97089e3ec2,Persoonlijke gerichtheid,Besluitvaardigheid,60,1
a5bc65f4-cbe4-5303-9ac4-0a97089e3ec2,Persoonlijke gerichtheid,Flexibiliteit,28,0
a5bc65f4-cbe4-5303-9ac4-0a97089e3ec2,Persoonlijke gerichtheid,Stressbestendigheid,54,1
a5bc65f4-cbe4-5303-9ac4-0a97089e3ec2,Persoonlijke gerichtheid,Ambitie,46,1
a5bc65f4-cbe4-5303-9ac4-0a97089e3ec2,Persoonlijke gerichtheid,Zelfstandigheid,58,1
a5bc65f4-cbe4-5303-9ac4-0a97089e3ec2,Persoonlijke gerichtheid,Doorzettingsvermogen,46,1
a5bc65f4-cbe4-5303-9ac4-0a97089e3ec2,Persoonlijke gerichtheid,Resultaatgerichtheid,47,1
a5bc65f4-cbe4-5303-9ac4-0a97089e3ec2,Persoonlijke gerichtheid,Leerbereidheid,28,0
a5bc65f4-cbe4-5303-9ac4-0a97089e3ec2,Persoonlijke gerichtheid,Inzet,47,1
a5bc65f4-cbe4-5303-9ac4-0a97089e3ec2,Persoonlijke gerichtheid,Nauwkeurigheid,49,1
a5bc65f4-cbe4-5303-9ac4-0a97089e3ec2,Organisatiegerichtheid,Organisatiesensitiviteit,38,0
a5bc65f4-cbe4-5303-9ac4-0a97089e3ec2,Organisatiegerichtheid,Klantoriëntatie,48,1
a5bc65f4-cbe4-5303-9ac4-0a97089e3ec2,Organisatiegerichtheid,Kwaliteitsgerichtheid,46,1
a5bc65f4-cbe4-5303-9ac4-0a97089e3ec2,Organisatiegerichtheid,Ondernemerschap,49,1
a5bc65f4-cbe4-5303-9ac4-0a97089e3ec2,Beïnvloedend vermogen,Overtuigingskracht,57,1
a5bc65f4-cbe4-5303-9ac4-0a97089e3ec2,Beïnvloedend vermogen,Aansturen van groepen,62,1
a5bc65f4-cbe4-5303-9ac4-0a97089e3ec2,Beïnvloedend vermogen,Aansturen van individuen,56,1
a5bc65f4-cbe4-5303-9ac4-0a97089e3ec2,Beïnvloedend vermogen,Coachen van medewerkers,52,1
a5bc65f4-cbe4-5303-9ac4-0a97089e3ec2,Beïnvloedend vermogen,Onderhandelen,49,1
a5bc65f4-cbe4-5303-9ac4-0a97089e3ec2,Organisatie vermogen,Plannen en organiseren,44,1
a5bc65f4-cbe4-5303-9ac4-0a97089e3ec2,Organisatie vermogen,Delegeren,63,1
a5bc65f4-cbe4-5303-9ac4-0a97089e3ec2,Organisatie vermogen,Voortgangscontrole,50,1
a5bc65f4-cbe4-5303-9ac4-0a97089e3ec2,Relationeel vermogen,Sensitiviteit,44,1
a5bc65f4-cbe4-5303-9ac4-0a97089e3ec2,Relationeel vermogen,Samenwerking,59,1
a5bc65f4-cbe4-5303-9ac4-0a97089e3ec2,Relationeel vermogen,Optreden,54,1
a5bc65f4-cbe4-5303-9ac4-0a97089e3ec2,Relationeel vermogen,Relatiebeheer,50,1
a5bc65f4-cbe4-5303-9ac4-0a97089e3ec2,Relationeel vermogen,Sociabiliteit,58,1
a5bc65f4-cbe4-5303-9ac4-0a97089e3ec2,Relationeel vermogen,Assertiviteit,55,1
34b25cea-5d13-521f-a7ee-5ab4d31bb7cf,Persoonlijke gerichtheid,Initiatief,14,0
34b25cea-5d13-521f-a7ee-5ab4d31bb7cf,Persoonlijke gerichtheid,Besluitvaardigheid,24,0
34b25cea-5d13-521f-a7ee-5ab4d31bb7cf,Persoonlijke gerichtheid,Flexibiliteit,27,0
34b25cea-5d13-521f-a7ee-5ab4d31bb7cf,Persoonlijke gerichtheid,Stressbestendigheid,21,0
34b25cea-5d13-521f-a7ee-5ab4d31bb7cf,Persoonlijke gerichtheid,Ambitie,14,0
34b25cea-5d13-521f-a7ee-5ab4d31bb7cf,Persoonlijke gerichtheid,Zelfstandigheid,28,0
34b25cea-5d13-521f-a7ee-5ab4d31bb7cf,Persoonlijke gerichtheid,Doorzettingsvermogen,18,0
34b25cea-5d13-521f-a7ee-5ab4d31bb7cf,Persoonlijke gerichtheid,Resultaatgerichtheid,9,0
34b25cea-5d13-521f-a7ee-5ab4d31bb7cf,Persoonlijke gerichtheid,Leerbereidheid,33,0
34b25cea-5d13-521f-a7ee-5ab4d31bb7cf,Persoonlijke gerichtheid,Inzet,8,0
34b25cea-5d13-521f-a7ee-5ab4d31bb7cf,Persoonlijke gerichtheid,Nauwkeurigheid,41,1
34b25cea-5d13-521f-a7ee-5ab4d31bb7cf,Organisatiegerichtheid,Organisatiesensitiviteit,47,1
34b25cea-5d13-521f-a7ee-5ab4d31bb7cf,Organisatiegerichtheid,Klantoriëntatie,25,0
34b25cea-5d13-521f-a7ee-5ab4d31bb7cf,Organisatiegerichtheid,Kwaliteitsgerichtheid,41,1
34b25cea-5d13-521f-a7ee-5ab4d31bb7cf,Organisatiegerichtheid,Ondernemerschap,20,0
34b25cea-5d13-521f-a7ee-5ab4d31bb7cf,Beïnvloedend vermogen,Overtuigingskracht,20,0
34b25cea-5d13-521f-a7ee-5ab4d31bb7cf,Beïnvloedend vermogen,Aansturen van groepen,28,0
34b25cea-5d13-521f-a7ee-5ab4d31bb7cf,Beïnvloedend vermogen,Aansturen van individuen,20,0
34b25cea-5d13-521f-a7ee-5ab4d31bb7cf,Beïnvloedend vermogen,Coachen van medewerkers,32,0
34b25cea-5d13-521f-a7ee-5ab4d31bb7cf,Beïnvloedend vermogen,Onderhandelen,24,0
34b25cea-5d13-521f-a7ee-5ab4d31bb7cf,Organisatie vermogen,Plannen en organiseren,23,0
34b25cea-5d13-521f-a7ee-5ab4d31bb7cf,Organisatie vermogen,Delegeren,27,0
34b25cea-5d13-521f-a7ee-5ab4d31bb7cf,Organisatie vermogen,Voortgangscontrole,22,0
34b25cea-5d13-521f-a7ee-5ab4d31bb7cf,Relationeel vermogen,Sensitiviteit,37,0
34b25cea-5d13-521f-a7ee-5ab4d31bb7cf,Relationeel vermogen,Samenwerking,40,1
34b25cea-5d13-521f-a7ee-5ab4d31bb7cf,Relationeel vermogen,Optreden,13,0
34b25cea-5d13-521f-a7ee-5ab4d31bb7cf,Relationeel vermogen,Relatiebeheer,17,0
34b25cea-5d13-521f-a7ee-5ab4d31bb7cf,Relationeel vermogen,Sociabiliteit,20,0
34b25cea-5d13-521f-a7ee-5ab4d31bb7cf,Relationeel vermogen,Assertiviteit,27,0
061a8da0-102b-58ec-9536-67e4018e4894,Persoonlijke gerichtheid,Initiatief,42,1
061a8da0-102b-58ec-9536-67e4018e4894,Persoonlijke gerichtheid,Besluitvaardigheid,37,0
061a8da0-102b-58ec-9536-67e4018e4894,Persoonlijke gerichtheid,Flexibiliteit,71,2
061a8da0-102b-58ec-9536-67e4018e4894,Persoonlijke gerichtheid,Stressbestendigheid,79,2
061a8da0-102b-58ec-9536-67e4018e4894,Persoonlijke gerichtheid,Ambitie,79,2
061a8da0-102b-58ec-9536-67e4018e4894,Persoonlijke gerichtheid,Zelfstandigheid,52,1
061a8da0-102b-58ec-9536-67e4018e4894,Persoonlijke gerichtheid,Doorzettingsvermogen,61,1
061a8da0-102b-58ec-9536-67e4018e4894,Persoonlijke gerichtheid,Resultaatgerichtheid,65,1
061a8da0-102b-58ec-9536-67e4018e4894,Persoonlijke gerichtheid,Leerbereidheid,81,2
061a8da0-102b-58ec-9536-67e4018e4894,Persoonlijke gerichtheid,Inzet,55,1
061a8da0-102b-58ec-9536-67e4018e4894,Persoonlijke gerichtheid,Nauwkeurigheid,46,1
061a8da0-102b-58ec-9536-67e4018e4894,Organisatiegerichtheid,Organisatiesensitiviteit,56,1
061a8da0-102b-58ec-9536-67e4018e4894,Organisatiegerichtheid,Klantoriëntatie,62,1
061a8da0-102b-58ec-9536-67e4018e4894,Organisatiegerichtheid,Kwaliteitsgerichtheid,54,1
061a8da0-102b-58ec-9536-67e4018e4894,Organisatiegerichtheid,Ondernemerschap,57,1
061a8da0-102b-58ec-9536-67e4018e4894,Beïnvloedend vermogen,Overtuigingskracht,55,1
061a8da0-102b-58ec-9536-67e4018e4894,Beïnvloedend vermogen,Aansturen van groepen,52,1
061a8da0-102b-58ec-9536-67e4018e4894,Beïnvloedend vermogen,Aansturen van individuen,56,1
061a8da0-102b-58ec-9536-67e4018e4894,Beïnvloedend vermogen,Coachen van medewerkers,55,1
061a8da0-102b-58ec-9536-67e4018e4894,Beïnvloedend vermogen,Onderhandelen,62,1
061a8da0-102b-58ec-9536-67e4018e4894,Organisatie vermogen,Plannen en organiseren,52,1
061a8da0-102b-58ec-9536-67e4018e4894,Organisatie vermogen,Delegeren,63,1
061a8da0-102b-58ec-9536-67e4018e4894,Organisatie vermogen,Voortgangscontrole,41,1
061a8da0-102b-58ec-9536-67e4018e4894,Relationeel vermogen,Sensitiviteit,63,1
061a8da0-102b-58ec-9536-67e4018e4894,Relationeel vermogen,Samenwerking,57,1
061a8da0-102b-58ec-9536-67e4018e4894,Relationeel vermogen,Optreden,59,1
061a8da0-102b-58ec-9536-67e4018e4894,Relationeel vermogen,Relatiebeheer,54,1
061a8da0-102b-58ec-9536-67e4018e4894,Relationeel vermogen,Sociabiliteit,54,1
061a8da0-102b-58ec-9536-67e4018e4894,Relationeel vermogen,Assertiviteit,54,1
eb695653-6a34-557a-aa9b-90a16a666a9b,Persoonlijke gerichtheid,Initiatief,55,1
eb695653-6a34-557a-aa9b-90a16a666a9b,Persoonlijke gerichtheid,Besluitvaardigheid,22,0
eb695653-6a34-557a-aa9b-90a16a666a9b,Persoonlijke gerichtheid,Flexibiliteit,71,2
eb695653-6a34-557a-aa9b-90a16a666a9b,Persoonlijke gerichtheid,Stressbestendigheid,89,2
eb695653-6a34-557a-aa9b-90a16a666a9b,Persoonlijke gerichtheid,Ambitie,96,2
eb695653-6a34-557a-aa9b-90a16a666a9b,Persoonlijke gerichtheid,Zelfstandigheid,42,1
eb695653-6a34-557a-aa9b-90a16a666a9b,Persoonlijke gerichtheid,Doorzettingsvermogen,98,2
eb695653-6a34-557a-aa9b-90a16a666a9b,Persoonlijke gerichtheid,Resultaatgerichtheid,96,2
eb695653-6a34-557a-aa9b-90a16a666a9b,Persoonlijke gerichtheid,Leerbereidheid,95,2
eb695653-6a34-557a-aa9b-90a16a666a9b,Persoonlijke gerichtheid,Inzet,98,2
eb695653-6a34-557a-aa9b-90a16a666a9b,Persoonlijke gerichtheid,Nauwkeurigheid,97,2
eb695653-6a34-557a-aa9b-90a16a666a9b,Organisatiegerichtheid,Organisatiesensitiviteit,90,2
eb695653-6a34-557a-aa9b-90a16a666a9b,Organisatiegerichtheid,Klantoriëntatie,96,2
eb695653-6a34-557a-aa9b-90a16a666a9b,Organisatiegerichtheid,Kwaliteitsgerichtheid,100,2
eb695653-6a34-557a-aa9b-90a16a666a9b,Organisatiegerichtheid,Ondernemerschap,73,2
eb695653-6a34-557a-aa9b-90a16a666a9b,Beïnvloedend vermogen,Overtuigingskracht,47,1
eb695653-6a34-557a-aa9b-90a16a666a9b,Beïnvloedend vermogen,Aansturen van groepen,67,1
eb695653-6a34-557a-aa9b-90a16a666a9b,Beïnvloedend vermogen,Aansturen van individuen,66,1
eb695653-6a34-557a-aa9b-90a16a666a9b,Beïnvloedend vermogen,Coachen van medewerkers,77,2
eb695653-6a34-557a-aa9b-90a16a666a9b,Beïnvloedend vermogen,Onderhandelen,76,2
eb695653-6a34-557a-aa9b-90a16a666a9b,Organisatie vermogen,Plannen en organiseren,97,2
eb695653-6a34-557a-aa9b-90a16a666a9b,Organisatie vermogen,Delegeren,73,2
eb695653-6a34-557a-aa9b-90a16a666a9b,Organisatie vermogen,Voortgangscontrole,87,2
eb695653-6a34-557a-aa9b-90a16a666a9b,Relationeel vermogen,Sensitiviteit,90,2
eb695653-6a34-557a-aa9b-90a16a666a9b,Relationeel vermogen,Samenwerking,84,2
eb695653-6a34-557a-aa9b-90a16a666a9b,Relationeel vermogen,Optreden,68,1
eb695653-6a34-557a-aa9b-90a16a666a9b,Relationeel vermogen,Relatiebeheer,87,2
eb695653-6a34-557a-aa9b-90a16a666a9b,Relationeel vermogen,Sociabiliteit,91,2
eb695653-6a34-557a-aa9b-90a16a666a9b,Relationeel vermogen,Assertiviteit,37,0
24e2d531-6fab-5f5b-9282-a488302c6547,Persoonlijke gerichtheid,Initiatief,36,0
24e2d531-6fab-5f5b-9282-a488302c6547,Persoonlijke gerichtheid,Besluitvaardigheid,44,1
24e2d531-6fab-5f5b-9282-a488302c6547,Persoonlijke gerichtheid,Flexibiliteit,34,0
24e2d531-6fab-5f5b-9282-a488302c6547,Persoonlijke gerichtheid,Stressbestendigheid,11,0
24e2d531-6fab-5f5b-9282-a488302c6547,Persoonlijke gerichtheid,Ambitie,33,0
24e2d531-6fab-5f5b-9282-a488302c6547,Persoonlijke gerichtheid,Zelfstandigheid,62,1
24e2d531-6fab-5f5b-9282-a488302c6547,Persoonlijke gerichtheid,Doorzettingsvermogen,20,0
24e2d531-6fab-5f5b-9282-a488302c6547,Persoonlijke gerichtheid,Resultaatgerichtheid,30,0
24e2d531-6fab-5f5b-9282-a488302c6547,Persoonlijke gerichtheid,Leerbereidheid,29,0
24e2d531-6fab-5f5b-9282-a488302c6547,Persoonlijke gerichtheid,Inzet,17,0
24e2d531-6fab-5f5b-9282-a488302c6547,Persoonlijke gerichtheid,Nauwkeurigheid,46,1
24e2d531-6fab-5f5b-9282-a488302c6547,Organisatiegerichtheid,Organisatiesensitiviteit,35,0
24e2d531-6fab-5f5b-9282-a488302c6547,Organisatiegerichtheid,Klantoriëntatie,35,0
24e2d531-6fab-5f5b-9282-a488302c6547,Organisatiegerichtheid,Kwaliteitsgerichtheid,50,1
24e2d531-6fab-5f5b-9282-a488302c6547,Organisatiegerichtheid,Ondernemerschap,38,0
24e2d531-6fab-5f5b-9282-a488302c6547,Beïnvloedend vermogen,Overtuigingskracht,47,1
24e2d531-6fab-5f5b-9282-a488302c6547,Beïnvloedend vermogen,Aansturen van groepen,33,0
24e2d531-6fab-5f5b-9282-a488302c6547,Beïnvloedend vermogen,Aansturen van individuen,54,1
24e2d531-6fab-5f5b-9282-a488302c6547,Beïnvloedend vermogen,Coachen van medewerkers,53,1
24e2d531-6fab-5f5b-9282-a488302c6547,Beïnvloedend vermogen,Onderhandelen,48,1
24e2d531-6fab-5f5b-9282-a488302c6547,Organisatie vermogen,Plannen en organiseren,41,1
24e2d531-6fab-5f5b-9282-a488302c6547,Organisatie vermogen,Delegeren,27,0
24e2d531-6fab-5f5b-9282-a488302c6547,Organisatie vermogen,Voortgangscontrole,38,0
24e2d531-6fab-5f5b-9282-a488302c6547,Relationeel vermogen,Sensitiviteit,36,0
24e2d531-6fab-5f5b-9282-a488302c6547,Relationeel vermogen,Samenwerking,22,0
24e2d531-6fab-5f5b-9282-a488302c6547,Relationeel vermogen,Optreden,45,1
24e2d531-6fab-5f5b-9282-a488302c6547,Relationeel vermogen,Relatiebeheer,48,1
24e2d531-6fab-5f5b-9282-a488302c6547,Relationeel vermogen,Sociabiliteit,36,0
24e2d531-6fab-5f5b-9282-a488302c6547,Relationeel vermogen,Assertiviteit,53,1
376aa464-a5f7-5aed-acd9-7dceb37ded9d,Persoonlijke gerichtheid,Initiatief,57,1
376aa464-a5f7-5aed-acd9-7dceb37ded9d,Persoonlijke gerichtheid,Besluitvaardigheid,48,1
376aa464-a5f7-5aed-acd9-7dceb37ded9d,Persoonlijke gerichtheid,Flexibiliteit,51,1
376aa464-a5f7-5aed-acd9-7dceb37ded9d,Persoonlijke gerichtheid,Stressbestendigheid,89,2
376aa464-a5f7-5aed-acd9-7dceb37ded9d,Persoonlijke gerichtheid,Ambitie,89,2
376aa464-a5f7-5aed-acd9-7dceb37ded9d,Persoonlijke gerichtheid,Zelfstandigheid,65,1
376aa464-a5f7-5aed-acd9-7dceb37ded9d,Persoonlijke gerichtheid,Doorzettingsvermogen,90,2
376aa464-a5f7-5aed-acd9-7dceb37ded9d,Persoonlijke gerichtheid,Resultaatgerichtheid,87,2
376aa464-a5f7-5aed-acd9-7dceb37ded9d,Persoonlijke gerichtheid,Leerbereidheid,75,2
376aa464-a5f7-5aed-acd9-7dceb37ded9d,Persoonlijke gerichtheid,Inzet,83,2
376aa464-a5f7-5aed-acd9-7dceb37ded9d,Persoonlijke gerichtheid,Nauwkeurigheid,89,2
376aa464-a5f7-5aed-acd9-7dceb37ded9d,Organisatiegerichtheid,Organisatiesensitiviteit,65,1
376aa464-a5f7-5aed-acd9-7dceb37ded9d,Organisatiegerichtheid,Klantoriëntatie,74,2
376aa464-a5f7-5aed-acd9-7dceb37ded9d,Organisatiegerichtheid,Kwaliteitsgerichtheid,96,2
376aa464-a5f7-5aed-acd9-7dceb37ded9d,Organisatiegerichtheid,Ondernemerschap,70,1
376aa464-a5f7-5aed-acd9-7dceb37ded9d,Beïnvloedend vermogen,Overtuigingskracht,69,1
376aa464-a5f7-5aed-acd9-7dceb37ded9d,Beïnvloedend vermogen,Aansturen van groepen,74,2
376aa464-a5f7-5aed-acd9-7dceb37ded9d,Beïnvloedend vermogen,Aansturen van individuen,89,2
376aa464-a5f7-5aed-acd9-7dceb37ded9d,Beïnvloedend vermogen,Coachen van medewerkers,64,1
376aa464-a5f7-5aed-acd9-7dceb37ded9d,Beïnvloedend vermogen,Onderhandelen,83,2
376aa464-a5f7-5aed-acd9-7dceb37ded9d,Organisatie vermogen,Plannen en organiseren,88,2
376aa464-a5f7-5aed-acd9-7dceb37ded9d,Organisatie vermogen,Delegeren,61,1
376aa464-a5f7-5aed-acd9-7dceb37ded9d,Organisatie vermogen,Voortgangscontrole,83,2
376aa464-a5f7-5aed-acd9-7dceb37ded9d,Relationeel vermogen,Sensitiviteit,60,1
376aa464-a5f7-5aed-acd9-7dceb37ded9d,Relationeel vermogen,Samenwerking,59,1
376aa464-a5f7-5aed-acd9-7dceb37ded9d,Relationeel vermogen,Optreden,72,2
376aa464-a5f7-5aed-acd9-7dceb37ded9d,Relationeel vermogen,Relatiebeheer,75,2
376aa464-a5f7-5aed-acd9-7dceb37ded9d,Relationeel vermogen,Sociabiliteit,67,1
376aa464-a5f7-5aed-acd9-7dceb37ded9d,Relationeel vermogen,Assertiviteit,67,1
b33aa947-10e1-53b7-ad59-affc46fac901,Persoonlijke gerichtheid,Initiatief,28,0
b33aa947-10e1-53b7-ad59-affc46fac901,Persoonlijke gerichtheid,Besluitvaardigheid,39,0
b33aa947-10e1-53b7-ad59-affc46fac901,Persoonlijke gerichtheid,Flexibiliteit,42,1
b33aa947-10e1-53b7-ad59-affc46fac901,Persoonlijke gerichtheid,Stressbestendigheid,59,1
b33aa947-10e1-53b7-ad59-affc46fac901,Persoonlijke gerichtheid,Ambitie,50,1
b33aa947-10e1-53b7-ad59-affc46fac901,Persoonlijke gerichtheid,Zelfstandigheid,62,1
b33aa947-10e1-53b7-ad59-affc46fac901,Persoonlijke gerichtheid,Doorzettingsvermogen,46,1
b33aa947-10e1-53b7-ad59-affc46fac901,Persoonlijke gerichtheid,Resultaatgerichtheid,44,1
b33aa947-10e1-53b7-ad59-affc46fac901,Persoonlijke gerichtheid,Leerbereidheid,73,2
b33aa947-10e1-53b7-ad59-affc46fac901,Persoonlijke gerichtheid,Inzet,34,0
b33aa947-10e1-53b7-ad59-affc46fac901,Persoonlijke gerichtheid,Nauwkeurigheid,22,0
b33aa947-10e1-53b7-ad59-affc46fac901,Organisatiegerichtheid,Organisatiesensitiviteit,50,1
b33aa947-10e1-53b7-ad59-affc46fac901,Organisatiegerichtheid,Klantoriëntatie,51,1
b33aa947-10e1-53b7-ad59-affc46fac901,Organisatiegerichtheid,Kwaliteitsgerichtheid,21,0
b33aa947-10e1-53b7-ad59-affc46fac901,Organisatiegerichtheid,Ondernemerschap,40,1
b33aa947-10e1-53b7-ad59-affc46fac901,Beïnvloedend vermogen,Overtuigingskracht,48,1
b33aa947-10e1-53b7-ad59-affc46fac901,Beïnvloedend vermogen,Aansturen van groepen,38,0
b33aa947-10e1-53b7-ad59-affc46fac901,Beïnvloedend vermogen,Aansturen van individuen,44,1
b33aa947-10e1-53b7-ad59-affc46fac901,Beïnvloedend vermogen,Coachen van medewerkers,47,1
b33aa947-10e1-53b7-ad59-affc46fac901,Beïnvloedend vermogen,Onderhandelen,48,1
b33aa947-10e1-53b7-ad59-affc46fac901,Organisatie vermogen,Plannen en organiseren,29,0
b33aa947-10e1-53b7-ad59-affc46fac901,Organisatie vermogen,Delegeren,35,0
b33aa947-10e1-53b7-ad59-affc46fac901,Organisatie vermogen,Voortgangscontrole,30,0
b33aa947-10e1-53b7-ad59-affc46fac901,Relationeel vermogen,Sensitiviteit,53,1
b33aa947-10e1-53b7-ad59-affc46fac901,Relationeel vermogen,Samenwerking,43,1
b33aa947-10e1-53b7-ad59-affc46fac901,Relationeel vermogen,Optreden,28,0
b33aa947-10e1-53b7-ad59-affc46fac901,Relationeel vermogen,Relatiebeheer,23,0
b33aa947-10e1-53b7-ad59-affc46fac901,Relationeel vermogen,Sociabiliteit,42,1
b33aa947-10e1-53b7-ad59-affc46fac901,Relationeel vermogen,Assertiviteit,44,1
228c72c7-39f3-5090-883c-8e71882f4963,Persoonlijke gerichtheid,Initiatief,34,0
228c72c7-39f3-5090-883c-8e71882f4963,Persoonlijke gerichtheid,Besluitvaardigheid,69,1
228c72c7-39f3-5090-883c-8e71882f4963,Persoonlijke gerichtheid,Flexibiliteit,30,0
228c72c7-39f3-5090-883c-8e71882f4963,Persoonlijke gerichtheid,Stressbestendigheid,54,1
228c72c7-39f3-5090-883c-8e71882f4963,Persoonlijke gerichtheid,Ambitie,67,1
228c72c7-39f3-5090-883c-8e71882f4963,Persoonlijke gerichtheid,Zelfstandigheid,73,2
228c72c7-39f3-5090-883c-8e71882f4963,Persoonlijke gerichtheid,Doorzettingsvermogen,54,1
228c72c7-39f3-5090-883c-8e71882f4963,Persoonlijke gerichtheid,Resultaatgerichtheid,65,1
228c72c7-39f3-5090-883c-8e71882f4963,Persoonlijke gerichtheid,Leerbereidheid,42,1
228c72c7-39f3-5090-883c-8e71882f4963,Persoonlijke gerichtheid,Inzet,47,1
228c72c7-39f3-5090-883c-8e71882f4963,Persoonlijke gerichtheid,Nauwkeurigheid,16,0
228c72c7-39f3-5090-883c-8e71882f4963,Organisatiegerichtheid,Organisatiesensitiviteit,27,0
228c72c7-39f3-5090-883c-8e71882f4963,Organisatiegerichtheid,Klantoriëntatie,29,0
228c72c7-39f3-5090-883c-8e71882f4963,Organisatiegerichtheid,Kwaliteitsgerichtheid,11,0
228c72c7-39f3-5090-883c-8e71882f4963,Organisatiegerichtheid,Ondernemerschap,49,1
228c72c7-39f3-5090-883c-8e71882f4963,Beïnvloedend vermogen,Overtuigingskracht,55,1
228c72c7-39f3-5090-883c-8e71882f4963,Beïnvloedend vermogen,Aansturen van groepen,64,1
228c72c7-39f3-5090-883c-8e71882f4963,Beïnvloedend vermogen,Aansturen van individuen,36,0
228c72c7-39f3-5090-883c-8e71882f4963,Beïnvloedend vermogen,Coachen van medewerkers,38,0
228c72c7-39f3-5090-883c-8e71882f4963,Beïnvloedend vermogen,Onderhandelen,53,1
228c72c7-39f3-5090-883c-8e71882f4963,Organisatie vermogen,Plannen en organiseren,18,0
228c72c7-39f3-5090-883c-8e71882f4963,Organisatie vermogen,Delegeren,59,1
228c72c7-39f3-5090-883c-8e71882f4963,Organisatie vermogen,Voortgangscontrole,33,0
228c72c7-39f3-5090-883c-8e71882f4963,Relationeel vermogen,Sensitiviteit,31,0
228c72c7-39f3-5090-883c-8e71882f4963,Relationeel vermogen,Samenwerking,32,0
228c72c7-39f3-5090-883c-8e71882f4963,Relationeel vermogen,Optreden,50,1
228c72c7-39f3-5090-883c-8e71882f4963,Relationeel vermogen,Relatiebeheer,31,0
228c72c7-39f3-5090-883c-8e71882f4963,Relationeel vermogen,Sociabiliteit,28,0
228c72c7-39f3-5090-883c-8e71882f4963,Relationeel vermogen,Assertiviteit,61,1
c636db50-3f4e-5aaa-a98b-965b132f4859,Persoonlijke gerichtheid,Initiatief,46,1
c636db50-3f4e-5aaa-a98b-965b132f4859,Persoonlijke gerichtheid,Besluitvaardigheid,27,0
c636db50-3f4e-5aaa-a98b-965b132f4859,Persoonlijke gerichtheid,Flexibiliteit,58,1
c636db50-3f4e-5aaa-a98b-965b132f4859,Persoonlijke gerichtheid,Stressbestendigheid,29,0
c636db50-3f4e-5aaa-a98b-965b132f4859,Persoonlijke gerichtheid,Ambitie,63,1
c636db50-3f4e-5aaa-a98b-965b132f4859,Persoonlijke gerichtheid,Zelfstandigheid,18,0
c636db50-3f4e-5aaa-a98b-965b132f4859,Persoonlijke gerichtheid,Doorzettingsvermogen,61,1
c636db50-3f4e-5aaa-a98b-965b132f4859,Persoonlijke gerichtheid,Resultaatgerichtheid,70,1
c636db50-3f4e-5aaa-a98b-965b132f4859,Persoonlijke gerichtheid,Leerbereidheid,68,1
c636db50-3f4e-5aaa-a98b-965b132f4859,Persoonlijke gerichtheid,Inzet,63,1
c636db50-3f4e-5aaa-a98b-965b132f4859,Persoonlijke gerichtheid,Nauwkeurigheid,66,1
c636db50-3f4e-5aaa-a98b-965b132f4859,Organisatiegerichtheid,Organisatiesensitiviteit,78,2
c636db50-3f4e-5aaa-a98b-965b132f4859,Organisatiegerichtheid,Klantoriëntatie,65,1
c636db50-3f4e-5aaa-a98b-965b132f4859,Organisatiegerichtheid,Kwaliteitsgerichtheid,75,2
c636db50-3f4e-5aaa-a98b-965b132f4859,Organisatiegerichtheid,Ondernemerschap,47,1
c636db50-3f4e-5aaa-a98b-965b132f4859,Beïnvloedend vermogen,Overtuigingskracht,45,1
c636db50-3f4e-5aaa-a98b-965b132f4859,Beïnvloedend vermogen,Aansturen van groepen,48,1
c636db50-3f4e-5aaa-a98b-965b132f4859,Beïnvloedend vermogen,Aansturen van individuen,61,1
c636db50-3f4e-5aaa-a98b-965b132f4859,Beïnvloedend vermogen,Coachen van medewerkers,75,2
c636db50-3f4e-5aaa-a98b-965b132f4859,Beïnvloedend vermogen,Onderhandelen,52,1
c636db50-3f4e-5aaa-a98b-965b132f4859,Organisatie vermogen,Plannen en organiseren,74,2
c636db50-3f4e-5aaa-a98b-965b132f4859,Organisatie vermogen,Delegeren,73,2
c636db50-3f4e-5aaa-a98b-965b132f4859,Organisatie vermogen,Voortgangscontrole,62,1
c636db50-3f4e-5aaa-a98b-965b132f4859,Relationeel vermogen,Sensitiviteit,75,2
c636db50-3f4e-5aaa-a98b-965b132f4859,Relationeel vermogen,Samenwerking,64,1
c636db50-3f4e-5aaa-a98b-965b132f4859,Relationeel vermogen,Optreden,50,1
c636db50-3f4e-5aaa-a98b-965b132f4859,Relationeel vermogen,Relatiebeheer,57,1
c636db50-3f4e-5aaa-a98b-965b132f4859,Relationeel vermogen,Sociabiliteit,64,1
c636db50-3f4e-5aaa-a98b-965b132f4859,Relationeel vermogen,Assertiviteit,29,0
8de5b61e-d856-51b5-b6c9-5e9a07d70dcc,Persoonlijke gerichtheid,Initiatief,43,1
8de5b61e-d856-51b5-b6c9-5e9a07d70dcc,Persoonlijke gerichtheid,Besluitvaardigheid,45,1
8de5b61e-d856-51b5-b6c9-5e9a07d70dcc,Persoonlijke gerichtheid,Flexibiliteit,55,1
8de5b61e-d856-51b5-b6c9-5e9a07d70dcc,Persoonlijke gerichtheid,Stressbestendigheid,37,0
8de5b61e-d856-51b5-b6c9-5e9a07d70dcc,Persoonlijke gerichtheid,Ambitie,91,2
8de5b61e-d856-51b5-b6c9-5e9a07d70dcc,Persoonlijke gerichtheid,Zelfstandigheid,46,1
8de5b61e-d856-51b5-b6c9-5e9a07d70dcc,Persoonlijke gerichtheid,Doorzettingsvermogen,61,1
8de5b61e-d856-51b5-b6c9-5e9a07d70dcc,Persoonlijke gerichtheid,Resultaatgerichtheid,80,2
8de5b61e-d856-51b5-b6c9-5e9a07d70dcc,Persoonlijke gerichtheid,Leerbereidheid,75,2
8de5b61e-d856-51b5-b6c9-5e9a07d70dcc,Persoonlijke gerichtheid,Inzet,54,1
8de5b61e-d856-51b5-b6c9-5e9a07d70dcc,Persoonlijke gerichtheid,Nauwkeurigheid,59,1
8de5b61e-d856-51b5-b6c9-5e9a07d70dcc,Organisatiegerichtheid,Organisatiesensitiviteit,59,1
8de5b61e-d856-51b5-b6c9-5e9a07d70dcc,Organisatiegerichtheid,Klantoriëntatie,52,1
8de5b61e-d856-51b5-b6c9-5e9a07d70dcc,Organisatiegerichtheid,Kwaliteitsgerichtheid,59,1
8de5b61e-d856-51b5-b6c9-5e9a07d70dcc,Organisatiegerichtheid,Ondernemerschap,60,1
8de5b61e-d856-51b5-b6c9-5e9a07d70dcc,Beïnvloedend vermogen,Overtuigingskracht,43,1
8de5b61e-d856-51b5-b6c9-5e9a07d70dcc,Beïnvloedend vermogen,Aansturen van groepen,53,1
8de5b61e-d856-51b5-b6c9-5e9a07d70dcc,Beïnvloedend vermogen,Aansturen van individuen,71,2
8de5b61e-d856-51b5-b6c9-5e9a07d70dcc,Beïnvloedend vermogen,Coachen van medewerkers,52,1
8de5b61e-d856-51b5-b6c9-5e9a07d70dcc,Beïnvloedend vermogen,Onderhandelen,57,1
8de5b61e-d856-51b5-b6c9-5e9a07d70dcc,Organisatie vermogen,Plannen en organiseren,60,1
8de5b61e-d856-51b5-b6c9-5e9a07d70dcc,Organisatie vermogen,Delegeren,35,0
8de5b61e-d856-51b5-b6c9-5e9a07d70dcc,Organisatie vermogen,Voortgangscontrole,59,1
8de5b61e-d856-51b5-b6c9-5e9a07d70dcc,Relationeel vermogen,Sensitiviteit,49,1
8de5b61e-d856-51b5-b6c9-5e9a07d70dcc,Relationeel vermogen,Samenwerking,36,0
8de5b61e-d856-51b5-b6c9-5e9a07d70dcc,Relationeel vermogen,Optreden,53,1
8de5b61e-d856-51b5-b6c9-5e9a07d70dcc,Relationeel vermogen,Relatiebeheer,61,1
8de5b61e-d856-51b5-b6c9-5e9a07d70dcc,Relationeel vermogen,Sociabiliteit,42,1
8de5b61e-d856-51b5-b6c9-5e9a07d70dcc,Relationeel vermogen,Assertiviteit,44,1
8783258b-64d3-5d41-92cf-08532d074f44,Persoonlijke gerichtheid,Initiatief,66,1
8783258b-64d3-5d41-92cf-08532d074f44,Persoonlijke gerichtheid,Besluitvaardigheid,47,1
8783258b-64d3-5d41-92cf-08532d074f44,Persoonlijke gerichtheid,Flexibiliteit,66,1
8783258b-64d3-5d41-92cf-08532d074f44,Persoonlijke gerichtheid,Stressbestendigheid,83,2
8783258b-64d3-5d41-92cf-08532d074f44,Persoonlijke gerichtheid,Ambitie,86,2
8783258b-64d3-5d41-92cf-08532d074f44,Persoonlijke gerichtheid,Zelfstandigheid,43,1
8783258b-64d3-5d41-92cf-08532d074f44,Persoonlijke gerichtheid,Doorzettingsvermogen,82,2
8783258b-64d3-5d41-92cf-08532d074f44,Persoonlijke gerichtheid,Resultaatgerichtheid,83,2
8783258b-64d3-5d41-92cf-08532d074f44,Persoonlijke gerichtheid,Leerbereidheid,75,2
8783258b-64d3-5d41-92cf-08532d074f44,Persoonlijke gerichtheid,Inzet,82,2
8783258b-64d3-5d41-92cf-08532d074f44,Persoonlijke gerichtheid,Nauwkeurigheid,49,1
8783258b-64d3-5d41-92cf-08532d074f44,Organisatiegerichtheid,Organisatiesensitiviteit,72,2
8783258b-64d3-5d41-92cf-08532d074f44,Organisatiegerichtheid,Klantoriëntatie,73,2
8783258b-64d3-5d41-92cf-08532d074f44,Organisatiegerichtheid,Kwaliteitsgerichtheid,54,1
8783258b-64d3-5d41-92cf-08532d074f44,Organisatiegerichtheid,Ondernemerschap,69,1
8783258b-64d3-5d41-92cf-08532d074f44,Beïnvloedend vermogen,Overtuigingskracht,69,1
8783258b-64d3-5d41-92cf-08532d074f44,Beïnvloedend vermogen,Aansturen van groepen,65,1
8783258b-64d3-5d41-92cf-08532d074f44,Beïnvloedend vermogen,Aansturen van individuen,73,2
8783258b-64d3-5d41-92cf-08532d074f44,Beïnvloedend vermogen,Coachen van medewerkers,71,2
8783258b-64d3-5d41-92cf-08532d074f44,Beïnvloedend vermogen,Onderhandelen,70,1
8783258b-64d3-5d41-92cf-08532d074f44,Organisatie vermogen,Plannen en organiseren,64,1
8783258b-64d3-5d41-92cf-08532d074f44,Organisatie vermogen,Delegeren,77,2
8783258b-64d3-5d41-92cf-08532d074f44,Organisatie vermogen,Voortgangscontrole,62,1
8783258b-64d3-5d41-92cf-08532d074f44,Relationeel vermogen,Sensitiviteit,72,2
8783258b-64d3-5d41-92cf-08532d074f44,Relationeel vermogen,Samenwerking,75,2
8783258b-64d3-5d41-92cf-08532d074f44,Relationeel vermogen,Optreden,68,1
8783258b-64d3-5d41-92cf-08532d074f44,Relationeel vermogen,Relatiebeheer,73,2
8783258b-64d3-5d41-92cf-08532d074f44,Relationeel vermogen,Sociabiliteit,75,2
8783258b-64d3-5d41-92cf-08532d074f44,Relationeel vermogen,Assertiviteit,52,1
709c252c-5841-547c-bc0d-099fa1d0052b,Persoonlijke gerichtheid,Initiatief,29,0
709c252c-5841-547c-bc0d-099fa1d0052b,Persoonlijke gerichtheid,Besluitvaardigheid,35,0
709c252c-5841-547c-bc0d-099fa1d0052b,Persoonlijke gerichtheid,Flexibiliteit,50,1
709c252c-5841-547c-bc0d-099fa1d0052b,Persoonlijke gerichtheid,Stressbestendigheid,91,2
709c252c-5841-547c-bc0d-099fa1d0052b,Persoonlijke gerichtheid,Ambitie,63,1
709c252c-5841-547c-bc0d-099fa1d0052b,Persoonlijke gerichtheid,Zelfstandigheid,58,1
709c252c-5841-547c-bc0d-099fa1d0052b,Persoonlijke gerichtheid,Doorzettingsvermogen,71,2
709c252c-5841-547c-bc0d-099fa1d0052b,Persoonlijke gerichtheid,Resultaatgerichtheid,50,1
709c252c-5841-547c-bc0d-099fa1d0052b,Persoonlijke gerichtheid,Leerbereidheid,76,2
709c252c-5841-547c-bc0d-099fa1d0052b,Persoonlijke gerichtheid,Inzet,62,1
709c252c-5841-547c-bc0d-099fa1d0052b,Persoonlijke gerichtheid,Nauwkeurigheid,44,1
709c252c-5841-547c-bc0d-099fa1d0052b,Organisatiegerichtheid,Organisatiesensitiviteit,80,2
709c252c-5841-547c-bc0d-099fa1d0052b,Organisatiegerichtheid,Klantoriëntatie,70,1
709c252c-5841-547c-bc0d-099fa1d0052b,Organisatiegerichtheid,Kwaliteitsgerichtheid,46,1
709c252c-5841-547c-bc0d-099fa1d0052b,Organisatiegerichtheid,Ondernemerschap,43,1
709c252c-5841-547c-bc0d-099fa1d0052b,Beïnvloedend vermogen,Overtuigingskracht,38,0
709c252c-5841-547c-bc0d-099fa1d0052b,Beïnvloedend vermogen,Aansturen van groepen,51,1
709c252c-5841-547c-bc0d-099fa1d0052b,Beïnvloedend vermogen,Aansturen van individuen,51,1
709c252c-5841-547c-bc0d-099fa1d0052b,Beïnvloedend vermogen,Coachen van medewerkers,63,1
709c252c-5841-547c-bc0d-099fa1d0052b,Beïnvloedend vermogen,Onderhandelen,50,1
709c252c-5841-547c-bc0d-099fa1d0052b,Organisatie vermogen,Plannen en organiseren,43,1
709c252c-5841-547c-bc0d-099fa1d0052b,Organisatie vermogen,Delegeren,57,1
709c252c-5841-547c-bc0d-099fa1d0052b,Organisatie vermogen,Voortgangscontrole,41,1
709c252c-5841-547c-bc0d-099fa1d0052b,Relationeel vermogen,Sensitiviteit,82,2
709c252c-5841-547c-bc0d-099fa1d0052b,Relationeel vermogen,Samenwerking,62,1
709c252c-5841-547c-bc0d-099fa1d0052b,Relationeel vermogen,Optreden,25,0
709c252c-5841-547c-bc0d-099fa1d0052b,Relationeel vermogen,Relatiebeheer,33,0
709c252c-5841-547c-bc0d-099fa1d0052b,Relationeel vermogen,Sociabiliteit,59,1
709c252c-5841-547c-bc0d-099fa1d0052b,Relationeel vermogen,Assertiviteit,32,0
6d5cecd8-e3c3-524b-88b3-ed62a8d52f88,Persoonlijke gerichtheid,Initiatief,47,1
6d5cecd8-e3c3-524b-88b3-ed62a8d52f88,Persoonlijke gerichtheid,Besluitvaardigheid,25,0
6d5cecd8-e3c3-524b-88b3-ed62a8d52f88,Persoonlijke gerichtheid,Flexibiliteit,69,1
6d5cecd8-e3c3-524b-88b3-ed62a8d52f88,Persoonlijke gerichtheid,Stressbestendigheid,63,1
6d5cecd8-e3c3-524b-88b3-ed62a8d52f88,Persoonlijke gerichtheid,Ambitie,59,1
6d5cecd8-e3c3-524b-88b3-ed62a8d52f88,Persoonlijke gerichtheid,Zelfstandigheid,25,0
6d5cecd8-e3c3-524b-88b3-ed62a8d52f88,Persoonlijke gerichtheid,Doorzettingsvermogen,54,1
6d5cecd8-e3c3-524b-88b3-ed62a8d52f88,Persoonlijke gerichtheid,Resultaatgerichtheid,56,1
6d5cecd8-e3c3-524b-88b3-ed62a8d52f88,Persoonlijke gerichtheid,Leerbereidheid,68,1
6d5cecd8-e3c3-524b-88b3-ed62a8d52f88,Persoonlijke gerichtheid,Inzet,57,1
6d5cecd8-e3c3-524b-88b3-ed62a8d52f88,Persoonlijke gerichtheid,Nauwkeurigheid,34,0
6d5cecd8-e3c3-524b-88b3-ed62a8d52f88,Organisatiegerichtheid,Organisatiesensitiviteit,77,2
6d5cecd8-e3c3-524b-88b3-ed62a8d52f88,Organisatiegerichtheid,Klantoriëntatie,74,2
6d5cecd8-e3c3-524b-88b3-ed62a8d52f88,Organisatiegerichtheid,Kwaliteitsgerichtheid,41,1
6d5cecd8-e3c3-524b-88b3-ed62a8d52f88,Organisatiegerichtheid,Ondernemerschap,49,1
6d5cecd8-e3c3-524b-88b3-ed62a8d52f88,Beïnvloedend vermogen,Overtuigingskracht,43,1
6d5cecd8-e3c3-524b-88b3-ed62a8d52f88,Beïnvloedend vermogen,Aansturen van groepen,36,0
6d5cecd8-e3c3-524b-88b3-ed62a8d52f88,Beïnvloedend vermogen,Aansturen van individuen,51,1
6d5cecd8-e3c3-524b-88b3-ed62a8d52f88,Beïnvloedend vermogen,Coachen van medewerkers,67,1
6d5cecd8-e3c3-524b-88b3-ed62a8d52f88,Beïnvloedend vermogen,Onderhandelen,51,1
6d5cecd8-e3c3-524b-88b3-ed62a8d52f88,Organisatie vermogen,Plannen en organiseren,46,1
6d5cecd8-e3c3-524b-88b3-ed62a8d52f88,Organisatie vermogen,Delegeren,57,1
6d5cecd8-e3c3-524b-88b3-ed62a8d52f88,Organisatie vermogen,Voortgangscontrole,33,0
6d5cecd8-e3c3-524b-88b3-ed62a8d52f88,Relationeel vermogen,Sensitiviteit,80,2
6d5cecd8-e3c3-524b-88b3-ed62a8d52f88,Relationeel vermogen,Samenwerking,67,1
6d5cecd8-e3c3-524b-88b3-ed62a8d52f88,Relationeel vermogen,Optreden,46,1
6d5cecd8-e3c3-524b-88b3-ed62a8d52f88,Relationeel vermogen,Relatiebeheer,63,1
6d5cecd8-e3c3-524b-88b3-ed62a8d52f88,Relationeel vermogen,Sociabiliteit,71,2
6d5cecd8-e3c3-524b-88b3-ed62a8d52f88,Relationeel vermogen,Assertiviteit,32,0
283ab77f-98df-5946-aacd-c3bf20cc1bc4,Persoonlijke gerichtheid,Initiatief,5,0
283ab77f-98df-5946-aacd-c3bf20cc1bc4,Persoonlijke gerichtheid,Besluitvaardigheid,22,0
283ab77f-98df-5946-aacd-c3bf20cc1bc4,Persoonlijke gerichtheid,Flexibiliteit,22,0
283ab77f-98df-5946-aacd-c3bf20cc1bc4,Persoonlijke gerichtheid,Stressbestendigheid,50,1
283ab77f-98df-5946-aacd-c3bf20cc1bc4,Persoonlijke gerichtheid,Ambitie,37,0
283ab77f-98df-5946-aacd-c3bf20cc1bc4,Persoonlijke gerichtheid,Zelfstandigheid,46,1
283ab77f-98df-5946-aacd-c3bf20cc1bc4,Persoonlijke gerichtheid,Doorzettingsvermogen,34,0
283ab77f-98df-5946-aacd-c3bf20cc1bc4,Persoonlijke gerichtheid,Resultaatgerichtheid,30,0
283ab77f-98df-5946-aacd-c3bf20cc1bc4,Persoonlijke gerichtheid,Leerbereidheid,63,1
283ab77f-98df-5946-aacd-c3bf20cc1bc4,Persoonlijke gerichtheid,Inzet,22,0
283ab77f-98df-5946-aacd-c3bf20cc1bc4,Persoonlijke gerichtheid,Nauwkeurigheid,61,1
283ab77f-98df-5946-aacd-c3bf20cc1bc4,Organisatiegerichtheid,Organisatiesensitiviteit,61,1
283ab77f-98df-5946-aacd-c3bf20cc1bc4,Organisatiegerichtheid,Klantoriëntatie,28,0
283ab77f-98df-5946-aacd-c3bf20cc1bc4,Organisatiegerichtheid,Kwaliteitsgerichtheid,67,1
283ab77f-98df-5946-aacd-c3bf20cc1bc4,Organisatiegerichtheid,Ondernemerschap,18,0
283ab77f-98df-5946-aacd-c3bf20cc1bc4,Beïnvloedend vermogen,Overtuigingskracht,18,0
283ab77f-98df-5946-aacd-c3bf20cc1bc4,Beïnvloedend vermogen,Aansturen van groepen,32,0
283ab77f-98df-5946-aacd-c3bf20cc1bc4,Beïnvloedend vermogen,Aansturen van individuen,11,0
283ab77f-98df-5946-aacd-c3bf20cc1bc4,Beïnvloedend vermogen,Coachen van medewerkers,36,0
283ab77f-98df-5946-aacd-c3bf20cc1bc4,Beïnvloedend vermogen,Onderhandelen,29,0
283ab77f-98df-5946-aacd-c3bf20cc1bc4,Organisatie vermogen,Plannen en organiseren,30,0
283ab77f-98df-5946-aacd-c3bf20cc1bc4,Organisatie vermogen,Delegeren,52,1
283ab77f-98df-5946-aacd-c3bf20cc1bc4,Organisatie vermogen,Voortgangscontrole,27,0
283ab77f-98df-5946-aacd-c3bf20cc1bc4,Relationeel vermogen,Sensitiviteit,47,1
283ab77f-98df-5946-aacd-c3bf20cc1bc4,Relationeel vermogen,Samenwerking,51,1
283ab77f-98df-5946-aacd-c3bf20cc1bc4,Relationeel vermogen,Optreden,14,0
283ab77f-98df-5946-aacd-c3bf20cc1bc4,Relationeel vermogen,Relatiebeheer,6,0
283ab77f-98df-5946-aacd-c3bf20cc1bc4,Relationeel vermogen,Sociabiliteit,19,0
283ab77f-98df-5946-aacd-c3bf20cc1bc4,Relationeel vermogen,Assertiviteit,30,0
3e44802d-3364-5f3a-af67-a038e335a656,Persoonlijke gerichtheid,Initiatief,21,0
3e44802d-3364-5f3a-af67-a038e335a656,Persoonlijke gerichtheid,Besluitvaardigheid,42,1
3e44802d-3364-5f3a-af67-a038e335a656,Persoonlijke gerichtheid,Flexibiliteit,26,0
3e44802d-3364-5f3a-af67-a038e335a656,Persoonlijke gerichtheid,Stressbestendigheid,11,0
3e44802d-3364-5f3a-af67-a038e335a656,Persoonlijke gerichtheid,Ambitie,75,2
3e44802d-3364-5f3a-af67-a038e335a656,Persoonlijke gerichtheid,Zelfstandigheid,47,1
3e44802d-3364-5f3a-af67-a038e335a656,Persoonlijke gerichtheid,Doorzettingsvermogen,20,0
3e44802d-3364-5f3a-af67-a038e335a656,Persoonlijke gerichtheid,Resultaatgerichtheid,56,1
3e44802d-3364-5f3a-af67-a038e335a656,Persoonlijke gerichtheid,Leerbereidheid,48,1
3e44802d-3364-5f3a-af67-a038e335a656,Persoonlijke gerichtheid,Inzet,5,0
3e44802d-3364-5f3a-af67-a038e335a656,Persoonlijke gerichtheid,Nauwkeurigheid,29,0
3e44802d-3364-5f3a-af67-a038e335a656,Organisatiegerichtheid,Organisatiesensitiviteit,14,0
3e44802d-3364-5f3a-af67-a038e335a656,Organisatiegerichtheid,Klantoriëntatie,17,0
3e44802d-3364-5f3a-af67-a038e335a656,Organisatiegerichtheid,Kwaliteitsgerichtheid,29,0
3e44802d-3364-5f3a-af67-a038e335a656,Organisatiegerichtheid,Ondernemerschap,40,1
3e44802d-3364-5f3a-af67-a038e335a656,Beïnvloedend vermogen,Overtuigingskracht,43,1
3e44802d-3364-5f3a-af67-a038e335a656,Beïnvloedend vermogen,Aansturen van groepen,40,1
3e44802d-3364-5f3a-af67-a038e335a656,Beïnvloedend vermogen,Aansturen van individuen,27,0
3e44802d-3364-5f3a-af67-a038e335a656,Beïnvloedend vermogen,Coachen van medewerkers,36,0
3e44802d-3364-5f3a-af67-a038e335a656,Beïnvloedend vermogen,Onderhandelen,41,1
3e44802d-3364-5f3a-af67-a038e335a656,Organisatie vermogen,Plannen en organiseren,13,0
3e44802d-3364-5f3a-af67-a038e335a656,Organisatie vermogen,Delegeren,25,0
3e44802d-3364-5f3a-af67-a038e335a656,Organisatie vermogen,Voortgangscontrole,20,0
3e44802d-3364-5f3a-af67-a038e335a656,Relationeel vermogen,Sensitiviteit,19,0
3e44802d-3364-5f3a-af67-a038e335a656,Relationeel vermogen,Samenwerking,17,0
3e44802d-3364-5f3a-af67-a038e335a656,Relationeel vermogen,Optreden,35,0
3e44802d-3364-5f3a-af67-a038e335a656,Relationeel vermogen,Relatiebeheer,33,0
3e44802d-3364-5f3a-af67-a038e335a656,Relationeel vermogen,Sociabiliteit,19,0
3e44802d-3364-5f3a-af67-a038e335a656,Relationeel vermogen,Assertiviteit,46,1
645025be-9089-5afa-a2e1-5b77a6593f13,Persoonlijke gerichtheid,Initiatief,26,0
645025be-9089-5afa-a2e1-5b77a6593f13,Persoonlijke gerichtheid,Besluitvaardigheid,50,1
645025be-9089-5afa-a2e1-5b77a6593f13,Persoonlijke gerichtheid,Flexibiliteit,36,0
645025be-9089-5afa-a2e1-5b77a6593f13,Persoonlijke gerichtheid,Stressbestendigheid,41,1
645025be-9089-5afa-a2e1-5b77a6593f13,Persoonlijke gerichtheid,Ambitie,46,1
645025be-9089-5afa-a2e1-5b77a6593f13,Persoonlijke gerichtheid,Zelfstandigheid,73,2
645025be-9089-5afa-a2e1-5b77a6593f13,Persoonlijke gerichtheid,Doorzettingsvermogen,44,1
645025be-9089-5afa-a2e1-5b77a6593f13,Persoonlijke gerichtheid,Resultaatgerichtheid,38,0
645025be-9089-5afa-a2e1-5b77a6593f13,Persoonlijke gerichtheid,Leerbereidheid,39,0
645025be-9089-5afa-a2e1-5b77a6593f13,Persoonlijke gerichtheid,Inzet,23,0
645025be-9089-5afa-a2e1-5b77a6593f13,Persoonlijke gerichtheid,Nauwkeurigheid,56,1
645025be-9089-5afa-a2e1-5b77a6593f13,Organisatiegerichtheid,Organisatiesensitiviteit,24,0
645025be-9089-5afa-a2e1-5b77a6593f13,Organisatiegerichtheid,Klantoriëntatie,28,0
645025be-9089-5afa-a2e1-5b77a6593f13,Organisatiegerichtheid,Kwaliteitsgerichtheid,63,1
645025be-9089-5afa-a2e1-5b77a6593f13,Organisatiegerichtheid,Ondernemerschap,42,1
645025be-9089-5afa-a2e1-5b77a6593f13,Beïnvloedend vermogen,Overtuigingskracht,49,1
645025be-9089-5afa-a2e1-5b77a6593f13,Beïnvloedend vermogen,Aansturen van groepen,53,1
645025be-9089-5afa-a2e1-5b77a6593f13,Beïnvloedend vermogen,Aansturen van individuen,34,0
645025be-9089-5afa-a2e1-5b77a6593f13,Beïnvloedend vermogen,Coachen van medewerkers,37,0
645025be-9089-5afa-a2e1-5b77a6593f13,Beïnvloedend vermogen,Onderhandelen,54,1
645025be-9089-5afa-a2e1-5b77a6593f13,Organisatie vermogen,Plannen en organiseren,48,1
645025be-9089-5afa-a2e1-5b77a6593f13,Organisatie vermogen,Delegeren,39,0
645025be-9089-5afa-a2e1-5b77a6593f13,Organisatie vermogen,Voortgangscontrole,41,1
645025be-9089-5afa-a2e1-5b77a6593f13,Relationeel vermogen,Sensitiviteit,25,0
645025be-9089-5afa-a2e1-5b77a6593f13,Relationeel vermogen,Samenwerking,26,0
645025be-9089-5afa-a2e1-5b77a6593f13,Relationeel vermogen,Optreden,45,1
645025be-9089-5afa-a2e1-5b77a6593f13,Relationeel vermogen,Relatiebeheer,35,0
645025be-9089-5afa-a2e1-5b77a6593f13,Relationeel vermogen,Sociabiliteit,25,0
645025be-9089-5afa-a2e1-5b77a6593f13,Relationeel vermogen,Assertiviteit,59,1
04e108ed-dcea-5f17-871c-7e7d9901a5ec,Persoonlijke gerichtheid,Initiatief,35,0
04e108ed-dcea-5f17-871c-7e7d9901a5ec,Persoonlijke gerichtheid,Besluitvaardigheid,37,0
04e108ed-dcea-5f17-871c-7e7d9901a5ec,Persoonlijke gerichtheid,Flexibiliteit,65,1
04e108ed-dcea-5f17-871c-7e7d9901a5ec,Persoonlijke gerichtheid,Stressbestendigheid,37,0
04e108ed-dcea-5f17-871c-7e7d9901a5ec,Persoonlijke gerichtheid,Ambitie,67,1
04e108ed-dcea-5f17-871c-7e7d9901a5ec,Persoonlijke gerichtheid,Zelfstandigheid,35,0
04e108ed-dcea-5f17-871c-7e7d9901a5ec,Persoonlijke gerichtheid,Doorzettingsvermogen,46,1
04e108ed-dcea-5f17-871c-7e7d9901a5ec,Persoonlijke gerichtheid,Resultaatgerichtheid,65,1
04e108ed-dcea-5f17-871c-7e7d9901a5ec,Persoonlijke gerichtheid,Leerbereidheid,68,1
04e108ed-dcea-5f17-871c-7e7d9901a5ec,Persoonlijke gerichtheid,Inzet,38,0
04e108ed-dcea-5f17-871c-7e7d9901a5ec,Persoonlijke gerichtheid,Nauwkeurigheid,41,1
04e108ed-dcea-5f17-871c-7e7d9901a5ec,Organisatiegerichtheid,Organisatiesensitiviteit,38,0
04e108ed-dcea-5f17-871c-7e7d9901a5ec,Organisatiegerichtheid,Klantoriëntatie,42,1
04e108ed-dcea-5f17-871c-7e7d9901a5ec,Organisatiegerichtheid,Kwaliteitsgerichtheid,50,1
04e108ed-dcea-5f17-871c-7e7d9901a5ec,Organisatiegerichtheid,Ondernemerschap,48,1
04e108ed-dcea-5f17-871c-7e7d9901a5ec,Beïnvloedend vermogen,Overtuigingskracht,49,1
04e108ed-dcea-5f17-871c-7e7d9901a5ec,Beïnvloedend vermogen,Aansturen van groepen,43,1
04e108ed-dcea-5f17-871c-7e7d9901a5ec,Beïnvloedend vermogen,Aansturen van individuen,27,0
04e108ed-dcea-5f17-871c-7e7d9901a5ec,Beïnvloedend vermogen,Coachen van medewerkers,48,1
04e108ed-dcea-5f17-871c-7e7d9901a5ec,Beïnvloedend vermogen,Onderhandelen,46,1
04e108ed-dcea-5f17-871c-7e7d9901a5ec,Organisatie vermogen,Plannen en organiseren,43,1
04e108ed-dcea-5f17-871c-7e7d9901a5ec,Organisatie vermogen,Delegeren,50,1
04e108ed-dcea-5f17-871c-7e7d9901a5ec,Organisatie vermogen,Voortgangscontrole,33,0
04e108ed-dcea-5f17-871c-7e7d9901a5ec,Relationeel vermogen,Sensitiviteit,48,1
04e108ed-dcea-5f17-871c-7e7d9901a5ec,Relationeel vermogen,Samenwerking,41,1
04e108ed-dcea-5f17-871c-7e7d9901a5ec,Relationeel vermogen,Optreden,45,1
04e108ed-dcea-5f17-871c-7e7d9901a5ec,Relationeel vermogen,Relatiebeheer,35,0
04e108ed-dcea-5f17-871c-7e7d9901a5ec,Relationeel vermogen,Sociabiliteit,40,1
04e108ed-dcea-5f17-871c-7e7d9901a5ec,Relationeel vermogen,Assertiviteit,40,1
980717fa-cb0e-5995-a07f-d7eabf81f302,Persoonlijke gerichtheid,Initiatief,12,0
980717fa-cb0e-5995-a07f-d7eabf81f302,Persoonlijke gerichtheid,Besluitvaardigheid,19,0
980717fa-cb0e-5995-a07f-d7eabf81f302,Persoonlijke gerichtheid,Flexibiliteit,25,0
980717fa-cb0e-5995-a07f-d7eabf81f302,Persoonlijke gerichtheid,Stressbestendigheid,21,0
980717fa-cb0e-5995-a07f-d7eabf81f302,Persoonlijke gerichtheid,Ambitie,50,1
980717fa-cb0e-5995-a07f-d7eabf81f302,Persoonlijke gerichtheid,Zelfstandigheid,52,1
980717fa-cb0e-5995-a07f-d7eabf81f302,Persoonlijke gerichtheid,Doorzettingsvermogen,34,0
980717fa-cb0e-5995-a07f-d7eabf81f302,Persoonlijke gerichtheid,Resultaatgerichtheid,44,1
980717fa-cb0e-5995-a07f-d7eabf81f302,Persoonlijke gerichtheid,Leerbereidheid,54,1
980717fa-cb0e-5995-a07f-d7eabf81f302,Persoonlijke gerichtheid,Inzet,26,0
980717fa-cb0e-5995-a07f-d7eabf81f302,Persoonlijke gerichtheid,Nauwkeurigheid,82,2
980717fa-cb0e-5995-a07f-d7eabf81f302,Organisatiegerichtheid,Organisatiesensitiviteit,33,0
980717fa-cb0e-5995-a07f-d7eabf81f302,Organisatiegerichtheid,Klantoriëntatie,28,0
980717fa-cb0e-5995-a07f-d7eabf81f302,Organisatiegerichtheid,Kwaliteitsgerichtheid,89,2
980717fa-cb0e-5995-a07f-d7eabf81f302,Organisatiegerichtheid,Ondernemerschap,29,0
980717fa-cb0e-5995-a07f-d7eabf81f302,Beïnvloedend vermogen,Overtuigingskracht,21,0
980717fa-cb0e-5995-a07f-d7eabf81f302,Beïnvloedend vermogen,Aansturen van groepen,36,0
980717fa-cb0e-5995-a07f-d7eabf81f302,Beïnvloedend vermogen,Aansturen van individuen,16,0
980717fa-cb0e-5995-a07f-d7eabf81f302,Beïnvloedend vermogen,Coachen van medewerkers,33,0
980717fa-cb0e-5995-a07f-d7eabf81f302,Beïnvloedend vermogen,Onderhandelen,41,1
980717fa-cb0e-5995-a07f-d7eabf81f302,Organisatie vermogen,Plannen en organiseren,59,1
980717fa-cb0e-5995-a07f-d7eabf81f302,Organisatie vermogen,Delegeren,21,0
980717fa-cb0e-5995-a07f-d7eabf81f302,Organisatie vermogen,Voortgangscontrole,44,1
980717fa-cb0e-5995-a07f-d7eabf81f302,Relationeel vermogen,Sensitiviteit,29,0
980717fa-cb0e-5995-a07f-d7eabf81f302,Relationeel vermogen,Samenwerking,27,0
980717fa-cb0e-5995-a07f-d7eabf81f302,Relationeel vermogen,Optreden,22,0
980717fa-cb0e-5995-a07f-d7eabf81f302,Relationeel vermogen,Relatiebeheer,27,0
980717fa-cb0e-5995-a07f-d7eabf81f302,Relationeel vermogen,Sociabiliteit,23,0
980717fa-cb0e-5995-a07f-d7eabf81f302,Relationeel vermogen,Assertiviteit,40,1
5e3ed26e-b8d0-53f5-be5a-38296109877d,Persoonlijke gerichtheid,Initiatief,54,1
5e3ed26e-b8d0-53f5-be5a-38296109877d,Persoonlijke gerichtheid,Besluitvaardigheid,48,1
5e3ed26e-b8d0-53f5-be5a-38296109877d,Persoonlijke gerichtheid,Flexibiliteit,52,1
5e3ed26e-b8d0-53f5-be5a-38296109877d,Persoonlijke gerichtheid,Stressbestendigheid,59,1
5e3ed26e-b8d0-53f5-be5a-38296109877d,Persoonlijke gerichtheid,Ambitie,59,1
5e3ed26e-b8d0-53f5-be5a-38296109877d,Persoonlijke gerichtheid,Zelfstandigheid,55,1
5e3ed26e-b8d0-53f5-be5a-38296109877d,Persoonlijke gerichtheid,Doorzettingsvermogen,71,2
5e3ed26e-b8d0-53f5-be5a-38296109877d,Persoonlijke gerichtheid,Resultaatgerichtheid,75,2
5e3ed26e-b8d0-53f5-be5a-38296109877d,Persoonlijke gerichtheid,Leerbereidheid,67,1
5e3ed26e-b8d0-53f5-be5a-38296109877d,Persoonlijke gerichtheid,Inzet,70,1
5e3ed26e-b8d0-53f5-be5a-38296109877d,Persoonlijke gerichtheid,Nauwkeurigheid,54,1
5e3ed26e-b8d0-53f5-be5a-38296109877d,Organisatiegerichtheid,Organisatiesensitiviteit,52,1
5e3ed26e-b8d0-53f5-be5a-38296109877d,Organisatiegerichtheid,Klantoriëntatie,67,1
5e3ed26e-b8d0-53f5-be5a-38296109877d,Organisatiegerichtheid,Kwaliteitsgerichtheid,54,1
5e3ed26e-b8d0-53f5-be5a-38296109877d,Organisatiegerichtheid,Ondernemerschap,56,1
5e3ed26e-b8d0-53f5-be5a-38296109877d,Beïnvloedend vermogen,Overtuigingskracht,56,1
5e3ed26e-b8d0-53f5-be5a-38296109877d,Beïnvloedend vermogen,Aansturen van groepen,49,1
5e3ed26e-b8d0-53f5-be5a-38296109877d,Beïnvloedend vermogen,Aansturen van individuen,46,1
5e3ed26e-b8d0-53f5-be5a-38296109877d,Beïnvloedend vermogen,Coachen van medewerkers,63,1
5e3ed26e-b8d0-53f5-be5a-38296109877d,Beïnvloedend vermogen,Onderhandelen,59,1
5e3ed26e-b8d0-53f5-be5a-38296109877d,Organisatie vermogen,Plannen en organiseren,57,1
5e3ed26e-b8d0-53f5-be5a-38296109877d,Organisatie vermogen,Delegeren,61,1
5e3ed26e-b8d0-53f5-be5a-38296109877d,Organisatie vermogen,Voortgangscontrole,59,1
5e3ed26e-b8d0-53f5-be5a-38296109877d,Relationeel vermogen,Sensitiviteit,62,1
5e3ed26e-b8d0-53f5-be5a-38296109877d,Relationeel vermogen,Samenwerking,59,1
5e3ed26e-b8d0-53f5-be5a-38296109877d,Relationeel vermogen,Optreden,60,1
5e3ed26e-b8d0-53f5-be5a-38296109877d,Relationeel vermogen,Relatiebeheer,48,1
5e3ed26e-b8d0-53f5-be5a-38296109877d,Relationeel vermogen,Sociabiliteit,70,1
5e3ed26e-b8d0-53f5-be5a-38296109877d,Relationeel vermogen,Assertiviteit,52,1
740200fb-ceec-58a1-a4da-f24c997943de,Persoonlijke gerichtheid,Initiatief,28,0
740200fb-ceec-58a1-a4da-f24c997943de,Persoonlijke gerichtheid,Besluitvaardigheid,25,0
740200fb-ceec-58a1-a4da-f24c997943de,Persoonlijke gerichtheid,Flexibiliteit,28,0
740200fb-ceec-58a1-a4da-f24c997943de,Persoonlijke gerichtheid,Stressbestendigheid,46,1
740200fb-ceec-58a1-a4da-f24c997943de,Persoonlijke gerichtheid,Ambitie,67,1
740200fb-ceec-58a1-a4da-f24c997943de,Persoonlijke gerichtheid,Zelfstandigheid,30,0
740200fb-ceec-58a1-a4da-f24c997943de,Persoonlijke gerichtheid,Doorzettingsvermogen,41,1
740200fb-ceec-58a1-a4da-f24c997943de,Persoonlijke gerichtheid,Resultaatgerichtheid,50,1
740200fb-ceec-58a1-a4da-f24c997943de,Persoonlijke gerichtheid,Leerbereidheid,59,1
740200fb-ceec-58a1-a4da-f24c997943de,Persoonlijke gerichtheid,Inzet,39,0
740200fb-ceec-58a1-a4da-f24c997943de,Persoonlijke gerichtheid,Nauwkeurigheid,51,1
740200fb-ceec-58a1-a4da-f24c997943de,Organisatiegerichtheid,Organisatiesensitiviteit,69,1
740200fb-ceec-58a1-a4da-f24c997943de,Organisatiegerichtheid,Klantoriëntatie,53,1
740200fb-ceec-58a1-a4da-f24c997943de,Organisatiegerichtheid,Kwaliteitsgerichtheid,59,1
740200fb-ceec-58a1-a4da-f24c997943de,Organisatiegerichtheid,Ondernemerschap,38,0
740200fb-ceec-58a1-a4da-f24c997943de,Beïnvloedend vermogen,Overtuigingskracht,35,0
740200fb-ceec-58a1-a4da-f24c997943de,Beïnvloedend vermogen,Aansturen van groepen,49,1
740200fb-ceec-58a1-a4da-f24c997943de,Beïnvloedend vermogen,Aansturen van individuen,49,1
740200fb-ceec-58a1-a4da-f24c997943de,Beïnvloedend vermogen,Coachen van medewerkers,58,1
740200fb-ceec-58a1-a4da-f24c997943de,Beïnvloedend vermogen,Onderhandelen,45,1
740200fb-ceec-58a1-a4da-f24c997943de,Organisatie vermogen,Plannen en organiseren,43,1
740200fb-ceec-58a1-a4da-f24c997943de,Organisatie vermogen,Delegeren,67,1
740200fb-ceec-58a1-a4da-f24c997943de,Organisatie vermogen,Voortgangscontrole,35,0
740200fb-ceec-58a1-a4da-f24c997943de,Relationeel vermogen,Sensitiviteit,62,1
740200fb-ceec-58a1-a4da-f24c997943de,Relationeel vermogen,Samenwerking,67,1
740200fb-ceec-58a1-a4da-f24c997943de,Relationeel vermogen,Optreden,49,1
740200fb-ceec-58a1-a4da-f24c997943de,Relationeel vermogen,Relatiebeheer,57,1
740200fb-ceec-58a1-a4da-f24c997943de,Relationeel vermogen,Sociabiliteit,53,1
740200fb-ceec-58a1-a4da-f24c997943de,Relationeel vermogen,Assertiviteit,33,0
d73cd100-0c15-518b-874f-03a8811ebd04,Persoonlijke gerichtheid,Initiatief,49,1
d73cd100-0c15-518b-874f-03a8811ebd04,Persoonlijke gerichtheid,Besluitvaardigheid,34,0
d73cd100-0c15-518b-874f-03a8811ebd04,Persoonlijke gerichtheid,Flexibiliteit,58,1
d73cd100-0c15-518b-874f-03a8811ebd04,Persoonlijke gerichtheid,Stressbestendigheid,75,2
d73cd100-0c15-518b-874f-03a8811ebd04,Persoonlijke gerichtheid,Ambitie,25,0
d73cd100-0c15-518b-874f-03a8811ebd04,Persoonlijke gerichtheid,Zelfstandigheid,52,1
d73cd100-0c15-518b-874f-03a8811ebd04,Persoonlijke gerichtheid,Doorzettingsvermogen,59,1
d73cd100-0c15-518b-874f-03a8811ebd04,Persoonlijke gerichtheid,Resultaatgerichtheid,35,0
d73cd100-0c15-518b-874f-03a8811ebd04,Persoonlijke gerichtheid,Leerbereidheid,81,2
d73cd100-0c15-518b-874f-03a8811ebd04,Persoonlijke gerichtheid,Inzet,62,1
d73cd100-0c15-518b-874f-03a8811ebd04,Persoonlijke gerichtheid,Nauwkeurigheid,54,1
d73cd100-0c15-518b-874f-03a8811ebd04,Organisatiegerichtheid,Organisatiesensitiviteit,88,2
d73cd100-0c15-518b-874f-03a8811ebd04,Organisatiegerichtheid,Klantoriëntatie,77,2
d73cd100-0c15-518b-874f-03a8811ebd04,Organisatiegerichtheid,Kwaliteitsgerichtheid,50,1
d73cd100-0c15-518b-874f-03a8811ebd04,Organisatiegerichtheid,Ondernemerschap,44,1
d73cd100-0c15-518b-874f-03a8811ebd04,Beïnvloedend vermogen,Overtuigingskracht,57,1
d73cd100-0c15-518b-874f-03a8811ebd04,Beïnvloedend vermogen,Aansturen van groepen,36,0
d73cd100-0c15-518b-874f-03a8811ebd04,Beïnvloedend vermogen,Aansturen van individuen,69,1
d73cd100-0c15-518b-874f-03a8811ebd04,Beïnvloedend vermogen,Coachen van medewerkers,87,2
d73cd100-0c15-518b-874f-03a8811ebd04,Beïnvloedend vermogen,Onderhandelen,52,1
d73cd100-0c15-518b-874f-03a8811ebd04,Organisatie vermogen,Plannen en organiseren,57,1
d73cd100-0c15-518b-874f-03a8811ebd04,Organisatie vermogen,Delegeren,87,2
d73cd100-0c15-518b-874f-03a8811ebd04,Organisatie vermogen,Voortgangscontrole,62,1
d73cd100-0c15-518b-874f-03a8811ebd04,Relationeel vermogen,Sensitiviteit,90,2
d73cd100-0c15-518b-874f-03a8811ebd04,Relationeel vermogen,Samenwerking,78,2
d73cd100-0c15-518b-874f-03a8811ebd04,Relationeel vermogen,Optreden,55,1
d73cd100-0c15-518b-874f-03a8811ebd04,Relationeel vermogen,Relatiebeheer,33,0
d73cd100-0c15-518b-874f-03a8811ebd04,Relationeel vermogen,Sociabiliteit,77,2
d73cd100-0c15-518b-874f-03a8811ebd04,Relationeel vermogen,Assertiviteit,34,0
7080eb17-4d6c-516c-9cb2-70c2cfb220e8,Persoonlijke gerichtheid,Initiatief,11,0
7080eb17-4d6c-516c-9cb2-70c2cfb220e8,Persoonlijke gerichtheid,Besluitvaardigheid,32,0
7080eb17-4d6c-516c-9cb2-70c2cfb220e8,Persoonlijke gerichtheid,Flexibiliteit,20,0
7080eb17-4d6c-516c-9cb2-70c2cfb220e8,Persoonlijke gerichtheid,Stressbestendigheid,33,0
7080eb17-4d6c-516c-9cb2-70c2cfb220e8,Persoonlijke gerichtheid,Ambitie,63,1
7080eb17-4d6c-516c-9cb2-70c2cfb220e8,Persoonlijke gerichtheid,Zelfstandigheid,50,1
7080eb17-4d6c-516c-9cb2-70c2cfb220e8,Persoonlijke gerichtheid,Doorzettingsvermogen,46,1
7080eb17-4d6c-516c-9cb2-70c2cfb220e8,Persoonlijke gerichtheid,Resultaatgerichtheid,62,1
7080eb17-4d6c-516c-9cb2-70c2cfb220e8,Persoonlijke gerichtheid,Leerbereidheid,60,1
7080eb17-4d6c-516c-9cb2-70c2cfb220e8,Persoonlijke gerichtheid,Inzet,37,0
7080eb17-4d6c-516c-9cb2-70c2cfb220e8,Persoonlijke gerichtheid,Nauwkeurigheid,89,2
7080eb17-4d6c-516c-9cb2-70c2cfb220e8,Organisatiegerichtheid,Organisatiesensitiviteit,41,1
7080eb17-4d6c-516c-9cb2-70c2cfb220e8,Organisatiegerichtheid,Klantoriëntatie,26,0
7080eb17-4d6c-516c-9cb2-70c2cfb220e8,Organisatiegerichtheid,Kwaliteitsgerichtheid,89,2
7080eb17-4d6c-516c-9cb2-70c2cfb220e8,Organisatiegerichtheid,Ondernemerschap,31,0
7080eb17-4d6c-516c-9cb2-70c2cfb220e8,Beïnvloedend vermogen,Overtuigingskracht,21,0
7080eb17-4d6c-516c-9cb2-70c2cfb220e8,Beïnvloedend vermogen,Aansturen van groepen,47,1
7080eb17-4d6c-516c-9cb2-70c2cfb220e8,Beïnvloedend vermogen,Aansturen van individuen,16,0
7080eb17-4d6c-516c-9cb2-70c2cfb220e8,Beïnvloedend vermogen,Coachen van medewerkers,28,0
7080eb17-4d6c-516c-9cb2-70c2cfb220e8,Beïnvloedend vermogen,Onderhandelen,41,1
7080eb17-4d6c-516c-9cb2-70c2cfb220e8,Organisatie vermogen,Plannen en organiseren,60,1
7080eb17-4d6c-516c-9cb2-70c2cfb220e8,Organisatie vermogen,Delegeren,23,0
7080eb17-4d6c-516c-9cb2-70c2cfb220e8,Organisatie vermogen,Voortgangscontrole,56,1
7080eb17-4d6c-516c-9cb2-70c2cfb220e8,Relationeel vermogen,Sensitiviteit,29,0
7080eb17-4d6c-516c-9cb2-70c2cfb220e8,Relationeel vermogen,Samenwerking,29,0
7080eb17-4d6c-516c-9cb2-70c2cfb220e8,Relationeel vermogen,Optreden,22,0
7080eb17-4d6c-516c-9cb2-70c2cfb220e8,Relationeel vermogen,Relatiebeheer,19,0
7080eb17-4d6c-516c-9cb2-70c2cfb220e8,Relationeel vermogen,Sociabiliteit,19,0
7080eb17-4d6c-516c-9cb2-70c2cfb220e8,Relationeel vermogen,Assertiviteit,43,1
10aff0a6-3e67-53d9-9ac4-3224643e0d22,Persoonlijke gerichtheid,Initiatief,41,1
10aff0a6-3e67-53d9-9ac4-3224643e0d22,Persoonlijke gerichtheid,Besluitvaardigheid,39,0
10aff0a6-3e67-53d9-9ac4-3224643e0d22,Persoonlijke gerichtheid,Flexibiliteit,49,1
10aff0a6-3e67-53d9-9ac4-3224643e0d22,Persoonlijke gerichtheid,Stressbestendigheid,37,0
10aff0a6-3e67-53d9-9ac4-3224643e0d22,Persoonlijke gerichtheid,Ambitie,63,1
10aff0a6-3e67-53d9-9ac4-3224643e0d22,Persoonlijke gerichtheid,Zelfstandigheid,41,1
10aff0a6-3e67-53d9-9ac4-3224643e0d22,Persoonlijke gerichtheid,Doorzettingsvermogen,39,0
10aff0a6-3e67-53d9-9ac4-3224643e0d22,Persoonlijke gerichtheid,Resultaatgerichtheid,53,1
10aff0a6-3e67-53d9-9ac4-3224643e0d22,Persoonlijke gerichtheid,Leerbereidheid,67,1
10aff0a6-3e67-53d9-9ac4-3224643e0d22,Persoonlijke gerichtheid,Inzet,43,1
10aff0a6-3e67-53d9-9ac4-3224643e0d22,Persoonlijke gerichtheid,Nauwkeurigheid,56,1
10aff0a6-3e67-53d9-9ac4-3224643e0d22,Organisatiegerichtheid,Organisatiesensitiviteit,59,1
10aff0a6-3e67-53d9-9ac4-3224643e0d22,Organisatiegerichtheid,Klantoriëntatie,50,1
10aff0a6-3e67-53d9-9ac4-3224643e0d22,Organisatiegerichtheid,Kwaliteitsgerichtheid,54,1
10aff0a6-3e67-53d9-9ac4-3224643e0d22,Organisatiegerichtheid,Ondernemerschap,44,1
10aff0a6-3e67-53d9-9ac4-3224643e0d22,Beïnvloedend vermogen,Overtuigingskracht,37,0
10aff0a6-3e67-53d9-9ac4-3224643e0d22,Beïnvloedend vermogen,Aansturen van groepen,45,1
10aff0a6-3e67-53d9-9ac4-3224643e0d22,Beïnvloedend vermogen,Aansturen van individuen,41,1
10aff0a6-3e67-53d9-9ac4-3224643e0d22,Beïnvloedend vermogen,Coachen van medewerkers,54,1
10aff0a6-3e67-53d9-9ac4-3224643e0d22,Beïnvloedend vermogen,Onderhandelen,43,1
10aff0a6-3e67-53d9-9ac4-3224643e0d22,Organisatie vermogen,Plannen en organiseren,52,1
10aff0a6-3e67-53d9-9ac4-3224643e0d22,Organisatie vermogen,Delegeren,57,1
10aff0a6-3e67-53d9-9ac4-3224643e0d22,Organisatie vermogen,Voortgangscontrole,47,1
10aff0a6-3e67-53d9-9ac4-3224643e0d22,Relationeel vermogen,Sensitiviteit,56,1
10aff0a6-3e67-53d9-9ac4-3224643e0d22,Relationeel vermogen,Samenwerking,56,1
10aff0a6-3e67-53d9-9ac4-3224643e0d22,Relationeel vermogen,Optreden,44,1
10aff0a6-3e67-53d9-9ac4-3224643e0d22,Relationeel vermogen,Relatiebeheer,52,1
10aff0a6-3e67-53d9-9ac4-3224643e0d22,Relationeel vermogen,Sociabiliteit,50,1
10aff0a6-3e67-53d9-9ac4-3224643e0d22,Relationeel vermogen,Assertiviteit,40,1
0b987c95-d61b-5d7f-925c-9c894e0937ce,Persoonlijke gerichtheid,Initiatief,49,1
0b987c95-d61b-5d7f-925c-9c894e0937ce,Persoonlijke gerichtheid,Besluitvaardigheid,36,0
0b987c95-d61b-5d7f-925c-9c894e0937ce,Persoonlijke gerichtheid,Flexibiliteit,52,1
0b987c95-d61b-5d7f-925c-9c894e0937ce,Persoonlijke gerichtheid,Stressbestendigheid,75,2
0b987c95-d61b-5d7f-925c-9c894e0937ce,Persoonlijke gerichtheid,Ambitie,46,1
0b987c95-d61b-5d7f-925c-9c894e0937ce,Persoonlijke gerichtheid,Zelfstandigheid,62,1
0b987c95-d61b-5d7f-925c-9c894e0937ce,Persoonlijke gerichtheid,Doorzettingsvermogen,73,2
0b987c95-d61b-5d7f-925c-9c894e0937ce,Persoonlijke gerichtheid,Resultaatgerichtheid,56,1
0b987c95-d61b-5d7f-925c-9c894e0937ce,Persoonlijke gerichtheid,Leerbereidheid,67,1
0b987c95-d61b-5d7f-925c-9c894e0937ce,Persoonlijke gerichtheid,Inzet,78,2
0b987c95-d61b-5d7f-925c-9c894e0937ce,Persoonlijke gerichtheid,Nauwkeurigheid,73,2
0b987c95-d61b-5d7f-925c-9c894e0937ce,Organisatiegerichtheid,Organisatiesensitiviteit,59,1
0b987c95-d61b-5d7f-925c-9c894e0937ce,Organisatiegerichtheid,Klantoriëntatie,70,1
0b987c95-d61b-5d7f-925c-9c894e0937ce,Organisatiegerichtheid,Kwaliteitsgerichtheid,75,2
0b987c95-d61b-5d7f-925c-9c894e0937ce,Organisatiegerichtheid,Ondernemerschap,51,1
0b987c95-d61b-5d7f-925c-9c894e0937ce,Beïnvloedend vermogen,Overtuigingskracht,43,1
0b987c95-d61b-5d7f-925c-9c894e0937ce,Beïnvloedend vermogen,Aansturen van groepen,48,1
0b987c95-d61b-5d7f-925c-9c894e0937ce,Beïnvloedend vermogen,Aansturen van individuen,29,0
0b987c95-d61b-5d7f-925c-9c894e0937ce,Beïnvloedend vermogen,Coachen van medewerkers,52,1
0b987c95-d61b-5d7f-925c-9c894e0937ce,Beïnvloedend vermogen,Onderhandelen,54,1
0b987c95-d61b-5d7f-925c-9c894e0937ce,Organisatie vermogen,Plannen en organiseren,65,1
0b987c95-d61b-5d7f-925c-9c894e0937ce,Organisatie vermogen,Delegeren,61,1
0b987c95-d61b-5d7f-925c-9c894e0937ce,Organisatie vermogen,Voortgangscontrole,65,1
0b987c95-d61b-5d7f-925c-9c894e0937ce,Relationeel vermogen,Sensitiviteit,65,1
0b987c95-d61b-5d7f-925c-9c894e0937ce,Relationeel vermogen,Samenwerking,70,1
0b987c95-d61b-5d7f-925c-9c894e0937ce,Relationeel vermogen,Optreden,50,1
0b987c95-d61b-5d7f-925c-9c894e0937ce,Relationeel vermogen,Relatiebeheer,50,1
0b987c95-d61b-5d7f-925c-9c894e0937ce,Relationeel vermogen,Sociabiliteit,69,1
0b987c95-d61b-5d7f-925c-9c894e0937ce,Relationeel vermogen,Assertiviteit,46,1
61369f33-c11d-5d29-80ed-d751b8246cd1,Persoonlijke gerichtheid,Initiatief,42,1
61369f33-c11d-5d29-80ed-d751b8246cd1,Persoonlijke gerichtheid,Besluitvaardigheid,34,0
61369f33-c11d-5d29-80ed-d751b8246cd1,Persoonlijke gerichtheid,Flexibiliteit,52,1
61369f33-c11d-5d29-80ed-d751b8246cd1,Persoonlijke gerichtheid,Stressbestendigheid,75,2
61369f33-c11d-5d29-80ed-d751b8246cd1,Persoonlijke gerichtheid,Ambitie,91,2
61369f33-c11d-5d29-80ed-d751b8246cd1,Persoonlijke gerichtheid,Zelfstandigheid,62,1
61369f33-c11d-5d29-80ed-d751b8246cd1,Persoonlijke gerichtheid,Doorzettingsvermogen,92,2
61369f33-c11d-5d29-80ed-d751b8246cd1,Persoonlijke gerichtheid,Resultaatgerichtheid,94,2
61369f33-c11d-5d29-80ed-d751b8246cd1,Persoonlijke gerichtheid,Leerbereidheid,79,2
61369f33-c11d-5d29-80ed-d751b8246cd1,Persoonlijke gerichtheid,Inzet,84,2
61369f33-c11d-5d29-80ed-d751b8246cd1,Persoonlijke gerichtheid,Nauwkeurigheid,87,2
61369f33-c11d-5d29-80ed-d751b8246cd1,Organisatiegerichtheid,Organisatiesensitiviteit,59,1
61369f33-c11d-5d29-80ed-d751b8246cd1,Organisatiegerichtheid,Klantoriëntatie,72,2
61369f33-c11d-5d29-80ed-d751b8246cd1,Organisatiegerichtheid,Kwaliteitsgerichtheid,91,2
61369f33-c11d-5d29-80ed-d751b8246cd1,Organisatiegerichtheid,Ondernemerschap,65,1
61369f33-c11d-5d29-80ed-d751b8246cd1,Beïnvloedend vermogen,Overtuigingskracht,51,1
61369f33-c11d-5d29-80ed-d751b8246cd1,Beïnvloedend vermogen,Aansturen van groepen,60,1
61369f33-c11d-5d29-80ed-d751b8246cd1,Beïnvloedend vermogen,Aansturen van individuen,59,1
61369f33-c11d-5d29-80ed-d751b8246cd1,Beïnvloedend vermogen,Coachen van medewerkers,48,1
61369f33-c11d-5d29-80ed-d751b8246cd1,Beïnvloedend vermogen,Onderhandelen,78,2
61369f33-c11d-5d29-80ed-d751b8246cd1,Organisatie vermogen,Plannen en organiseren,90,2
61369f33-c11d-5d29-80ed-d751b8246cd1,Organisatie vermogen,Delegeren,33,0
61369f33-c11d-5d29-80ed-d751b8246cd1,Organisatie vermogen,Voortgangscontrole,80,2
61369f33-c11d-5d29-80ed-d751b8246cd1,Relationeel vermogen,Sensitiviteit,55,1
61369f33-c11d-5d29-80ed-d751b8246cd1,Relationeel vermogen,Samenwerking,43,1
61369f33-c11d-5d29-80ed-d751b8246cd1,Relationeel vermogen,Optreden,56,1
61369f33-c11d-5d29-80ed-d751b8246cd1,Relationeel vermogen,Relatiebeheer,65,1
61369f33-c11d-5d29-80ed-d751b8246cd1,Relationeel vermogen,Sociabiliteit,58,1
61369f33-c11d-5d29-80ed-d751b8246cd1,Relationeel vermogen,Assertiviteit,58,1
c22e1828-5784-556c-a41b-541e88bbe819,Persoonlijke gerichtheid,Initiatief,46,1
c22e1828-5784-556c-a41b-541e88bbe819,Persoonlijke gerichtheid,Besluitvaardigheid,45,1
c22e1828-5784-556c-a41b-541e88bbe819,Persoonlijke gerichtheid,Flexibiliteit,61,1
c22e1828-5784-556c-a41b-541e88bbe819,Persoonlijke gerichtheid,Stressbestendigheid,71,2
c22e1828-5784-556c-a41b-541e88bbe819,Persoonlijke gerichtheid,Ambitie,75,2
c22e1828-5784-556c-a41b-541e88bbe819,Persoonlijke gerichtheid,Zelfstandigheid,42,1
c22e1828-5784-556c-a41b-541e88bbe819,Persoonlijke gerichtheid,Doorzettingsvermogen,73,2
c22e1828-5784-556c-a41b-541e88bbe819,Persoonlijke gerichtheid,Resultaatgerichtheid,78,2
c22e1828-5784-556c-a41b-541e88bbe819,Persoonlijke gerichtheid,Leerbereidheid,70,1
c22e1828-5784-556c-a41b-541e88bbe819,Persoonlijke gerichtheid,Inzet,67,1
c22e1828-5784-556c-a41b-541e88bbe819,Persoonlijke gerichtheid,Nauwkeurigheid,61,1
c22e1828-5784-556c-a41b-541e88bbe819,Organisatiegerichtheid,Organisatiesensitiviteit,83,2
c22e1828-5784-556c-a41b-541e88bbe819,Organisatiegerichtheid,Klantoriëntatie,77,2
c22e1828-5784-556c-a41b-541e88bbe819,Organisatiegerichtheid,Kwaliteitsgerichtheid,71,2
c22e1828-5784-556c-a41b-541e88bbe819,Organisatiegerichtheid,Ondernemerschap,51,1
c22e1828-5784-556c-a41b-541e88bbe819,Beïnvloedend vermogen,Overtuigingskracht,55,1
c22e1828-5784-556c-a41b-541e88bbe819,Beïnvloedend vermogen,Aansturen van groepen,51,1
c22e1828-5784-556c-a41b-541e88bbe819,Beïnvloedend vermogen,Aansturen van individuen,59,1
c22e1828-5784-556c-a41b-541e88bbe819,Beïnvloedend vermogen,Coachen van medewerkers,77,2
c22e1828-5784-556c-a41b-541e88bbe819,Beïnvloedend vermogen,Onderhandelen,55,1
c22e1828-5784-556c-a41b-541e88bbe819,Organisatie vermogen,Plannen en organiseren,65,1
c22e1828-5784-556c-a41b-541e88bbe819,Organisatie vermogen,Delegeren,93,2
c22e1828-5784-556c-a41b-541e88bbe819,Organisatie vermogen,Voortgangscontrole,53,1
c22e1828-5784-556c-a41b-541e88bbe819,Relationeel vermogen,Sensitiviteit,84,2
c22e1828-5784-556c-a41b-541e88bbe819,Relationeel vermogen,Samenwerking,79,2
c22e1828-5784-556c-a41b-541e88bbe819,Relationeel vermogen,Optreden,61,1
c22e1828-5784-556c-a41b-541e88bbe819,Relationeel vermogen,Relatiebeheer,43,1
c22e1828-5784-556c-a41b-541e88bbe819,Relationeel vermogen,Sociabiliteit,73,2
c22e1828-5784-556c-a41b-541e88bbe819,Relationeel vermogen,Assertiviteit,35,0
6f169b8a-96c4-5c9c-8228-4bd081defe41,Persoonlijke gerichtheid,Initiatief,51,1
6f169b8a-96c4-5c9c-8228-4bd081defe41,Persoonlijke gerichtheid,Besluitvaardigheid,48,1
6f169b8a-96c4-5c9c-8228-4bd081defe41,Persoonlijke gerichtheid,Flexibiliteit,55,1
6f169b8a-96c4-5c9c-8228-4bd081defe41,Persoonlijke gerichtheid,Stressbestendigheid,79,2
6f169b8a-96c4-5c9c-8228-4bd081defe41,Persoonlijke gerichtheid,Ambitie,67,1
6f169b8a-96c4-5c9c-8228-4bd081defe41,Persoonlijke gerichtheid,Zelfstandigheid,70,1
6f169b8a-96c4-5c9c-8228-4bd081defe41,Persoonlijke gerichtheid,Doorzettingsvermogen,82,2
6f169b8a-96c4-5c9c-8228-4bd081defe41,Persoonlijke gerichtheid,Resultaatgerichtheid,70,1
6f169b8a-96c4-5c9c-8228-4bd081defe41,Persoonlijke gerichtheid,Leerbereidheid,58,1
6f169b8a-96c4-5c9c-8228-4bd081defe41,Persoonlijke gerichtheid,Inzet,71,2
6f169b8a-96c4-5c9c-8228-4bd081defe41,Persoonlijke gerichtheid,Nauwkeurigheid,87,2
6f169b8a-96c4-5c9c-8228-4bd081defe41,Organisatiegerichtheid,Organisatiesensitiviteit,68,1
6f169b8a-96c4-5c9c-8228-4bd081defe41,Organisatiegerichtheid,Klantoriëntatie,77,2
6f169b8a-96c4-5c9c-8228-4bd081defe41,Organisatiegerichtheid,Kwaliteitsgerichtheid,91,2
6f169b8a-96c4-5c9c-8228-4bd081defe41,Organisatiegerichtheid,Ondernemerschap,63,1
6f169b8a-96c4-5c9c-8228-4bd081defe41,Beïnvloedend vermogen,Overtuigingskracht,62,1
6f169b8a-96c4-5c9c-8228-4bd081defe41,Beïnvloedend vermogen,Aansturen van groepen,60,1
6f169b8a-96c4-5c9c-8228-4bd081defe41,Beïnvloedend vermogen,Aansturen van individuen,80,2
6f169b8a-96c4-5c9c-8228-4bd081defe41,Beïnvloedend vermogen,Coachen van medewerkers,66,1
6f169b8a-96c4-5c9c-8228-4bd081defe41,Beïnvloedend vermogen,Onderhandelen,75,2
6f169b8a-96c4-5c9c-8228-4bd081defe41,Organisatie vermogen,Plannen en organiseren,86,2
6f169b8a-96c4-5c9c-8228-4bd081defe41,Organisatie vermogen,Delegeren,52,1
6f169b8a-96c4-5c9c-8228-4bd081defe41,Organisatie vermogen,Voortgangscontrole,78,2
6f169b8a-96c4-5c9c-8228-4bd081defe41,Relationeel vermogen,Sensitiviteit,67,1
6f169b8a-96c4-5c9c-8228-4bd081defe41,Relationeel vermogen,Samenwerking,52,1
6f169b8a-96c4-5c9c-8228-4bd081defe41,Relationeel vermogen,Optreden,61,1
6f169b8a-96c4-5c9c-8228-4bd081defe41,Relationeel vermogen,Relatiebeheer,67,1
6f169b8a-96c4-5c9c-8228-4bd081defe41,Relationeel vermogen,Sociabiliteit,67,1
6f169b8a-96c4-5c9c-8228-4bd081defe41,Relationeel vermogen,Assertiviteit,57,1
0ac45ebf-abaf-52c1-904e-73f962af3ef0,Persoonlijke gerichtheid,Initiatief,63,1
0ac45ebf-abaf-52c1-904e-73f962af3ef0,Persoonlijke gerichtheid,Besluitvaardigheid,78,2
0ac45ebf-abaf-52c1-904e-73f962af3ef0,Persoonlijke gerichtheid,Flexibiliteit,80,2
0ac45ebf-abaf-52c1-904e-73f962af3ef0,Persoonlijke gerichtheid,Stressbestendigheid,50,1
0ac45ebf-abaf-52c1-904e-73f962af3ef0,Persoonlijke gerichtheid,Ambitie,86,2
0ac45ebf-abaf-52c1-904e-73f962af3ef0,Persoonlijke gerichtheid,Zelfstandigheid,68,1
0ac45ebf-abaf-52c1-904e-73f962af3ef0,Persoonlijke gerichtheid,Doorzettingsvermogen,73,2
0ac45ebf-abaf-52c1-904e-73f962af3ef0,Persoonlijke gerichtheid,Resultaatgerichtheid,91,2
0ac45ebf-abaf-52c1-904e-73f962af3ef0,Persoonlijke gerichtheid,Leerbereidheid,82,2
0ac45ebf-abaf-52c1-904e-73f962af3ef0,Persoonlijke gerichtheid,Inzet,73,2
0ac45ebf-abaf-52c1-904e-73f962af3ef0,Persoonlijke gerichtheid,Nauwkeurigheid,49,1
0ac45ebf-abaf-52c1-904e-73f962af3ef0,Organisatiegerichtheid,Organisatiesensitiviteit,56,1
0ac45ebf-abaf-52c1-904e-73f962af3ef0,Organisatiegerichtheid,Klantoriëntatie,43,1
0ac45ebf-abaf-52c1-904e-73f962af3ef0,Organisatiegerichtheid,Kwaliteitsgerichtheid,46,1
0ac45ebf-abaf-52c1-904e-73f962af3ef0,Organisatiegerichtheid,Ondernemerschap,67,1
0ac45ebf-abaf-52c1-904e-73f962af3ef0,Beïnvloedend vermogen,Overtuigingskracht,62,1
0ac45ebf-abaf-52c1-904e-73f962af3ef0,Beïnvloedend vermogen,Aansturen van groepen,57,1
0ac45ebf-abaf-52c1-904e-73f962af3ef0,Beïnvloedend vermogen,Aansturen van individuen,51,1
0ac45ebf-abaf-52c1-904e-73f962af3ef0,Beïnvloedend vermogen,Coachen van medewerkers,51,1
0ac45ebf-abaf-52c1-904e-73f962af3ef0,Beïnvloedend vermogen,Onderhandelen,59,1
0ac45ebf-abaf-52c1-904e-73f962af3ef0,Organisatie vermogen,Plannen en organiseren,68,1
0ac45ebf-abaf-52c1-904e-73f962af3ef0,Organisatie vermogen,Delegeren,67,1
0ac45ebf-abaf-52c1-904e-73f962af3ef0,Organisatie vermogen,Voortgangscontrole,65,1
0ac45ebf-abaf-52c1-904e-73f962af3ef0,Relationeel vermogen,Sensitiviteit,47,1
0ac45ebf-abaf-52c1-904e-73f962af3ef0,Relationeel vermogen,Samenwerking,41,1
0ac45ebf-abaf-52c1-904e-73f962af3ef0,Relationeel vermogen,Optreden,62,1
0ac45ebf-abaf-52c1-904e-73f962af3ef0,Relationeel vermogen,Relatiebeheer,39,0
0ac45ebf-abaf-52c1-904e-73f962af3ef0,Relationeel vermogen,Sociabiliteit,41,1
0ac45ebf-abaf-52c1-904e-73f962af3ef0,Relationeel vermogen,Assertiviteit,60,1
82371131-0df5-5703-b77f-6b45c3c4c2d9,Persoonlijke gerichtheid,Initiatief,14,0
82371131-0df5-5703-b77f-6b45c3c4c2d9,Persoonlijke gerichtheid,Besluitvaardigheid,32,0
82371131-0df5-5703-b77f-6b45c3c4c2d9,Persoonlijke gerichtheid,Flexibiliteit,23,0
82371131-0df5-5703-b77f-6b45c3c4c2d9,Persoonlijke gerichtheid,Stressbestendigheid,41,1
82371131-0df5-5703-b77f-6b45c3c4c2d9,Persoonlijke gerichtheid,Ambitie,50,1
82371131-0df5-5703-b77f-6b45c3c4c2d9,Persoonlijke gerichtheid,Zelfstandigheid,56,1
82371131-0df5-5703-b77f-6b45c3c4c2d9,Persoonlijke gerichtheid,Doorzettingsvermogen,46,1
82371131-0df5-5703-b77f-6b45c3c4c2d9,Persoonlijke gerichtheid,Resultaatgerichtheid,38,0
82371131-0df5-5703-b77f-6b45c3c4c2d9,Persoonlijke gerichtheid,Leerbereidheid,54,1
82371131-0df5-5703-b77f-6b45c3c4c2d9,Persoonlijke gerichtheid,Inzet,28,0
82371131-0df5-5703-b77f-6b45c3c4c2d9,Persoonlijke gerichtheid,Nauwkeurigheid,66,1
82371131-0df5-5703-b77f-6b45c3c4c2d9,Organisatiegerichtheid,Organisatiesensitiviteit,26,0
82371131-0df5-5703-b77f-6b45c3c4c2d9,Organisatiegerichtheid,Klantoriëntatie,25,0
82371131-0df5-5703-b77f-6b45c3c4c2d9,Organisatiegerichtheid,Kwaliteitsgerichtheid,67,1
82371131-0df5-5703-b77f-6b45c3c4c2d9,Organisatiegerichtheid,Ondernemerschap,33,0
82371131-0df5-5703-b77f-6b45c3c4c2d9,Beïnvloedend vermogen,Overtuigingskracht,27,0
82371131-0df5-5703-b77f-6b45c3c4c2d9,Beïnvloedend vermogen,Aansturen van groepen,55,1
82371131-0df5-5703-b77f-6b45c3c4c2d9,Beïnvloedend vermogen,Aansturen van individuen,18,0
82371131-0df5-5703-b77f-6b45c3c4c2d9,Beïnvloedend vermogen,Coachen van medewerkers,25,0
82371131-0df5-5703-b77f-6b45c3c4c2d9,Beïnvloedend vermogen,Onderhandelen,37,0
82371131-0df5-5703-b77f-6b45c3c4c2d9,Organisatie vermogen,Plannen en organiseren,49,1
82371131-0df5-5703-b77f-6b45c3c4c2d9,Organisatie vermogen,Delegeren,33,0
82371131-0df5-5703-b77f-6b45c3c4c2d9,Organisatie vermogen,Voortgangscontrole,44,1
82371131-0df5-5703-b77f-6b45c3c4c2d9,Relationeel vermogen,Sensitiviteit,26,0
82371131-0df5-5703-b77f-6b45c3c4c2d9,Relationeel vermogen,Samenwerking,35,0
82371131-0df5-5703-b77f-6b45c3c4c2d9,Relationeel vermogen,Optreden,22,0
82371131-0df5-5703-b77f-6b45c3c4c2d9,Relationeel vermogen,Relatiebeheer,17,0
82371131-0df5-5703-b77f-6b45c3c4c2d9,Relationeel vermogen,Sociabiliteit,19,0
82371131-0df5-5703-b77f-6b45c3c4c2d9,Relationeel vermogen,Assertiviteit,40,1
c6323f05-ac11-5726-b4a1-474fa2d166a8,Persoonlijke gerichtheid,Initiatief,41,1
c6323f05-ac11-5726-b4a1-474fa2d166a8,Persoonlijke gerichtheid,Besluitvaardigheid,38,0
c6323f05-ac11-5726-b4a1-474fa2d166a8,Persoonlijke gerichtheid,Flexibiliteit,35,0
c6323f05-ac11-5726-b4a1-474fa2d166a8,Persoonlijke gerichtheid,Stressbestendigheid,63,1
c6323f05-ac11-5726-b4a1-474fa2d166a8,Persoonlijke gerichtheid,Ambitie,75,2
c6323f05-ac11-5726-b4a1-474fa2d166a8,Persoonlijke gerichtheid,Zelfstandigheid,43,1
c6323f05-ac11-5726-b4a1-474fa2d166a8,Persoonlijke gerichtheid,Doorzettingsvermogen,56,1
c6323f05-ac11-5726-b4a1-474fa2d166a8,Persoonlijke gerichtheid,Resultaatgerichtheid,65,1
c6323f05-ac11-5726-b4a1-474fa2d166a8,Persoonlijke gerichtheid,Leerbereidheid,66,1
c6323f05-ac11-5726-b4a1-474fa2d166a8,Persoonlijke gerichtheid,Inzet,51,1
c6323f05-ac11-5726-b4a1-474fa2d166a8,Persoonlijke gerichtheid,Nauwkeurigheid,66,1
c6323f05-ac11-5726-b4a1-474fa2d166a8,Organisatiegerichtheid,Organisatiesensitiviteit,54,1
c6323f05-ac11-5726-b4a1-474fa2d166a8,Organisatiegerichtheid,Klantoriëntatie,62,1
c6323f05-ac11-5726-b4a1-474fa2d166a8,Organisatiegerichtheid,Kwaliteitsgerichtheid,67,1
c6323f05-ac11-5726-b4a1-474fa2d166a8,Organisatiegerichtheid,Ondernemerschap,52,1
c6323f05-ac11-5726-b4a1-474fa2d166a8,Beïnvloedend vermogen,Overtuigingskracht,44,1
c6323f05-ac11-5726-b4a1-474fa2d166a8,Beïnvloedend vermogen,Aansturen van groepen,56,1
c6323f05-ac11-5726-b4a1-474fa2d166a8,Beïnvloedend vermogen,Aansturen van individuen,49,1
c6323f05-ac11-5726-b4a1-474fa2d166a8,Beïnvloedend vermogen,Coachen van medewerkers,52,1
c6323f05-ac11-5726-b4a1-474fa2d166a8,Beïnvloedend vermogen,Onderhandelen,52,1
c6323f05-ac11-5726-b4a1-474fa2d166a8,Organisatie vermogen,Plannen en organiseren,48,1
c6323f05-ac11-5726-b4a1-474fa2d166a8,Organisatie vermogen,Delegeren,69,1
c6323f05-ac11-5726-b4a1-474fa2d166a8,Organisatie vermogen,Voortgangscontrole,50,1
c6323f05-ac11-5726-b4a1-474fa2d166a8,Relationeel vermogen,Sensitiviteit,59,1
c6323f05-ac11-5726-b4a1-474fa2d166a8,Relationeel vermogen,Samenwerking,68,1
c6323f05-ac11-5726-b4a1-474fa2d166a8,Relationeel vermogen,Optreden,61,1
c6323f05-ac11-5726-b4a1-474fa2d166a8,Relationeel vermogen,Relatiebeheer,61,1
c6323f05-ac11-5726-b4a1-474fa2d166a8,Relationeel vermogen,Sociabiliteit,63,1
c6323f05-ac11-5726-b4a1-474fa2d166a8,Relationeel vermogen,Assertiviteit,43,1
54607c72-f7f0-5106-874f-ff352975ea48,Persoonlijke gerichtheid,Initiatief,28,0
54607c72-f7f0-5106-874f-ff352975ea48,Persoonlijke gerichtheid,Besluitvaardigheid,23,0
54607c72-f7f0-5106-874f-ff352975ea48,Persoonlijke gerichtheid,Flexibiliteit,17,0
54607c72-f7f0-5106-874f-ff352975ea48,Persoonlijke gerichtheid,Stressbestendigheid,11,0
54607c72-f7f0-5106-874f-ff352975ea48,Persoonlijke gerichtheid,Ambitie,59,1
54607c72-f7f0-5106-874f-ff352975ea48,Persoonlijke gerichtheid,Zelfstandigheid,25,0
54607c72-f7f0-5106-874f-ff352975ea48,Persoonlijke gerichtheid,Doorzettingsvermogen,46,1
54607c72-f7f0-5106-874f-ff352975ea48,Persoonlijke gerichtheid,Resultaatgerichtheid,56,1
54607c72-f7f0-5106-874f-ff352975ea48,Persoonlijke gerichtheid,Leerbereidheid,53,1
54607c72-f7f0-5106-874f-ff352975ea48,Persoonlijke gerichtheid,Inzet,37,0
54607c72-f7f0-5106-874f-ff352975ea48,Persoonlijke gerichtheid,Nauwkeurigheid,64,1
54607c72-f7f0-5106-874f-ff352975ea48,Organisatiegerichtheid,Organisatiesensitiviteit,64,1
54607c72-f7f0-5106-874f-ff352975ea48,Organisatiegerichtheid,Klantoriëntatie,52,1
54607c72-f7f0-5106-874f-ff352975ea48,Organisatiegerichtheid,Kwaliteitsgerichtheid,63,1
54607c72-f7f0-5106-874f-ff352975ea48,Organisatiegerichtheid,Ondernemerschap,35,0
54607c72-f7f0-5106-874f-ff352975ea48,Beïnvloedend vermogen,Overtuigingskracht,21,0
54607c72-f7f0-5106-874f-ff352975ea48,Beïnvloedend vermogen,Aansturen van groepen,47,1
54607c72-f7f0-5106-874f-ff352975ea48,Beïnvloedend vermogen,Aansturen van individuen,41,1
54607c72-f7f0-5106-874f-ff352975ea48,Beïnvloedend vermogen,Coachen van medewerkers,58,1
54607c72-f7f0-5106-874f-ff352975ea48,Beïnvloedend vermogen,Onderhandelen,35,0
54607c72-f7f0-5106-874f-ff352975ea48,Organisatie vermogen,Plannen en organiseren,54,1
54607c72-f7f0-5106-874f-ff352975ea48,Organisatie vermogen,Delegeren,43,1
54607c72-f7f0-5106-874f-ff352975ea48,Organisatie vermogen,Voortgangscontrole,50,1
54607c72-f7f0-5106-874f-ff352975ea48,Relationeel vermogen,Sensitiviteit,55,1
54607c72-f7f0-5106-874f-ff352975ea48,Relationeel vermogen,Samenwerking,60,1
54607c72-f7f0-5106-874f-ff352975ea48,Relationeel vermogen,Optreden,31,0
54607c72-f7f0-5106-874f-ff352975ea48,Relationeel vermogen,Relatiebeheer,48,1
54607c72-f7f0-5106-874f-ff352975ea48,Relationeel vermogen,Sociabiliteit,55,1
54607c72-f7f0-5106-874f-ff352975ea48,Relationeel vermogen,Assertiviteit,23,0
fe1661b9-4971-54a3-b310-1b7dadb63fcc,Persoonlijke gerichtheid,Initiatief,66,1
fe1661b9-4971-54a3-b310-1b7dadb63fcc,Persoonlijke gerichtheid,Besluitvaardigheid,37,0
fe1661b9-4971-54a3-b310-1b7dadb63fcc,Persoonlijke gerichtheid,Flexibiliteit,52,1
fe1661b9-4971-54a3-b310-1b7dadb63fcc,Persoonlijke gerichtheid,Stressbestendigheid,59,1
fe1661b9-4971-54a3-b310-1b7dadb63fcc,Persoonlijke gerichtheid,Ambitie,54,1
fe1661b9-4971-54a3-b310-1b7dadb63fcc,Persoonlijke gerichtheid,Zelfstandigheid,52,1
fe1661b9-4971-54a3-b310-1b7dadb63fcc,Persoonlijke gerichtheid,Doorzettingsvermogen,71,2
fe1661b9-4971-54a3-b310-1b7dadb63fcc,Persoonlijke gerichtheid,Resultaatgerichtheid,62,1
fe1661b9-4971-54a3-b310-1b7dadb63fcc,Persoonlijke gerichtheid,Leerbereidheid,54,1
fe1661b9-4971-54a3-b310-1b7dadb63fcc,Persoonlijke gerichtheid,Inzet,77,2
fe1661b9-4971-54a3-b310-1b7dadb63fcc,Persoonlijke gerichtheid,Nauwkeurigheid,69,1
fe1661b9-4971-54a3-b310-1b7dadb63fcc,Organisatiegerichtheid,Organisatiesensitiviteit,59,1
fe1661b9-4971-54a3-b310-1b7dadb63fcc,Organisatiegerichtheid,Klantoriëntatie,77,2
fe1661b9-4971-54a3-b310-1b7dadb63fcc,Organisatiegerichtheid,Kwaliteitsgerichtheid,71,2
fe1661b9-4971-54a3-b310-1b7dadb63fcc,Organisatiegerichtheid,Ondernemerschap,61,1
fe1661b9-4971-54a3-b310-1b7dadb63fcc,Beïnvloedend vermogen,Overtuigingskracht,57,1
fe1661b9-4971-54a3-b310-1b7dadb63fcc,Beïnvloedend vermogen,Aansturen van groepen,57,1
fe1661b9-4971-54a3-b310-1b7dadb63fcc,Beïnvloedend vermogen,Aansturen van individuen,69,1
fe1661b9-4971-54a3-b310-1b7dadb63fcc,Beïnvloedend vermogen,Coachen van medewerkers,67,1
fe1661b9-4971-54a3-b310-1b7dadb63fcc,Beïnvloedend vermogen,Onderhandelen,65,1
fe1661b9-4971-54a3-b310-1b7dadb63fcc,Organisatie vermogen,Plannen en organiseren,75,2
fe1661b9-4971-54a3-b310-1b7dadb63fcc,Organisatie vermogen,Delegeren,73,2
fe1661b9-4971-54a3-b310-1b7dadb63fcc,Organisatie vermogen,Voortgangscontrole,73,2
fe1661b9-4971-54a3-b310-1b7dadb63fcc,Relationeel vermogen,Sensitiviteit,69,1
fe1661b9-4971-54a3-b310-1b7dadb63fcc,Relationeel vermogen,Samenwerking,70,1
fe1661b9-4971-54a3-b310-1b7dadb63fcc,Relationeel vermogen,Optreden,70,1
fe1661b9-4971-54a3-b310-1b7dadb63fcc,Relationeel vermogen,Relatiebeheer,79,2
fe1661b9-4971-54a3-b310-1b7dadb63fcc,Relationeel vermogen,Sociabiliteit,79,2
fe1661b9-4971-54a3-b310-1b7dadb63fcc,Relationeel vermogen,Assertiviteit,53,1
debd2b0d-0e57-5d40-90ef-74cdb7758757,Persoonlijke gerichtheid,Initiatief,50,1
debd2b0d-0e57-5d40-90ef-74cdb7758757,Persoonlijke gerichtheid,Besluitvaardigheid,43,1
debd2b0d-0e57-5d40-90ef-74cdb7758757,Persoonlijke gerichtheid,Flexibiliteit,42,1
debd2b0d-0e57-5d40-90ef-74cdb7758757,Persoonlijke gerichtheid,Stressbestendigheid,37,0
debd2b0d-0e57-5d40-90ef-74cdb7758757,Persoonlijke gerichtheid,Ambitie,63,1
debd2b0d-0e57-5d40-90ef-74cdb7758757,Persoonlijke gerichtheid,Zelfstandigheid,46,1
debd2b0d-0e57-5d40-90ef-74cdb7758757,Persoonlijke gerichtheid,Doorzettingsvermogen,44,1
debd2b0d-0e57-5d40-90ef-74cdb7758757,Persoonlijke gerichtheid,Resultaatgerichtheid,59,1
debd2b0d-0e57-5d40-90ef-74cdb7758757,Persoonlijke gerichtheid,Leerbereidheid,66,1
debd2b0d-0e57-5d40-90ef-74cdb7758757,Persoonlijke gerichtheid,Inzet,46,1
debd2b0d-0e57-5d40-90ef-74cdb7758757,Persoonlijke gerichtheid,Nauwkeurigheid,59,1
debd2b0d-0e57-5d40-90ef-74cdb7758757,Organisatiegerichtheid,Organisatiesensitiviteit,64,1
debd2b0d-0e57-5d40-90ef-74cdb7758757,Organisatiegerichtheid,Klantoriëntatie,64,1
debd2b0d-0e57-5d40-90ef-74cdb7758757,Organisatiegerichtheid,Kwaliteitsgerichtheid,54,1
debd2b0d-0e57-5d40-90ef-74cdb7758757,Organisatiegerichtheid,Ondernemerschap,49,1
debd2b0d-0e57-5d40-90ef-74cdb7758757,Beïnvloedend vermogen,Overtuigingskracht,48,1
debd2b0d-0e57-5d40-90ef-74cdb7758757,Beïnvloedend vermogen,Aansturen van groepen,44,1
debd2b0d-0e57-5d40-90ef-74cdb7758757,Beïnvloedend vermogen,Aansturen van individuen,61,1
debd2b0d-0e57-5d40-90ef-74cdb7758757,Beïnvloedend vermogen,Coachen van medewerkers,68,1
debd2b0d-0e57-5d40-90ef-74cdb7758757,Beïnvloedend vermogen,Onderhandelen,50,1
debd2b0d-0e57-5d40-90ef-74cdb7758757,Organisatie vermogen,Plannen en organiseren,49,1
debd2b0d-0e57-5d40-90ef-74cdb7758757,Organisatie vermogen,Delegeren,75,2
debd2b0d-0e57-5d40-90ef-74cdb7758757,Organisatie vermogen,Voortgangscontrole,56,1
debd2b0d-0e57-5d40-90ef-74cdb7758757,Relationeel vermogen,Sensitiviteit,68,1
debd2b0d-0e57-5d40-90ef-74cdb7758757,Relationeel vermogen,Samenwerking,65,1
debd2b0d-0e57-5d40-90ef-74cdb7758757,Relationeel vermogen,Optreden,67,1
debd2b0d-0e57-5d40-90ef-74cdb7758757,Relationeel vermogen,Relatiebeheer,59,1
debd2b0d-0e57-5d40-90ef-74cdb7758757,Relationeel vermogen,Sociabiliteit,66,1
debd2b0d-0e57-5d40-90ef-74cdb7758757,Relationeel vermogen,Assertiviteit,45,1
1d86b3eb-82cf-5248-9a19-5472e1913b44,Persoonlijke gerichtheid,Initiatief,29,0
1d86b3eb-82cf-5248-9a19-5472e1913b44,Persoonlijke gerichtheid,Besluitvaardigheid,34,0
1d86b3eb-82cf-5248-9a19-5472e1913b44,Persoonlijke gerichtheid,Flexibiliteit,36,0
1d86b3eb-82cf-5248-9a19-5472e1913b44,Persoonlijke gerichtheid,Stressbestendigheid,41,1
1d86b3eb-82cf-5248-9a19-5472e1913b44,Persoonlijke gerichtheid,Ambitie,50,1
1d86b3eb-82cf-5248-9a19-5472e1913b44,Persoonlijke gerichtheid,Zelfstandigheid,30,0
1d86b3eb-82cf-5248-9a19-5472e1913b44,Persoonlijke gerichtheid,Doorzettingsvermogen,34,0
1d86b3eb-82cf-5248-9a19-5472e1913b44,Persoonlijke gerichtheid,Resultaatgerichtheid,44,1
1d86b3eb-82cf-5248-9a19-5472e1913b44,Persoonlijke gerichtheid,Leerbereidheid,50,1
1d86b3eb-82cf-5248-9a19-5472e1913b44,Persoonlijke gerichtheid,Inzet,25,0
1d86b3eb-82cf-5248-9a19-5472e1913b44,Persoonlijke gerichtheid,Nauwkeurigheid,73,2
1d86b3eb-82cf-5248-9a19-5472e1913b44,Organisatiegerichtheid,Organisatiesensitiviteit,51,1
1d86b3eb-82cf-5248-9a19-5472e1913b44,Organisatiegerichtheid,Klantoriëntatie,43,1
1d86b3eb-82cf-5248-9a19-5472e1913b44,Organisatiegerichtheid,Kwaliteitsgerichtheid,71,2
1d86b3eb-82cf-5248-9a19-5472e1913b44,Organisatiegerichtheid,Ondernemerschap,35,0
1d86b3eb-82cf-5248-9a19-5472e1913b44,Beïnvloedend vermogen,Overtuigingskracht,33,0
1d86b3eb-82cf-5248-9a19-5472e1913b44,Beïnvloedend vermogen,Aansturen van groepen,41,1
1d86b3eb-82cf-5248-9a19-5472e1913b44,Beïnvloedend vermogen,Aansturen van individuen,25,0
1d86b3eb-82cf-5248-9a19-5472e1913b44,Beïnvloedend vermogen,Coachen van medewerkers,46,1
1d86b3eb-82cf-5248-9a19-5472e1913b44,Beïnvloedend vermogen,Onderhandelen,33,0
1d86b3eb-82cf-5248-9a19-5472e1913b44,Organisatie vermogen,Plannen en organiseren,49,1
1d86b3eb-82cf-5248-9a19-5472e1913b44,Organisatie vermogen,Delegeren,46,1
1d86b3eb-82cf-5248-9a19-5472e1913b44,Organisatie vermogen,Voortgangscontrole,44,1
1d86b3eb-82cf-5248-9a19-5472e1913b44,Relationeel vermogen,Sensitiviteit,52,1
1d86b3eb-82cf-5248-9a19-5472e1913b44,Relationeel vermogen,Samenwerking,52,1
1d86b3eb-82cf-5248-9a19-5472e1913b44,Relationeel vermogen,Optreden,32,0
1d86b3eb-82cf-5248-9a19-5472e1913b44,Relationeel vermogen,Relatiebeheer,33,0
1d86b3eb-82cf-5248-9a19-5472e1913b44,Relationeel vermogen,Sociabiliteit,42,1
1d86b3eb-82cf-5248-9a19-5472e1913b44,Relationeel vermogen,Assertiviteit,32,0
a992c073-f865-5a4d-acd2-1ec24f2db87e,Persoonlijke gerichtheid,Initiatief,29,0
a992c073-f865-5a4d-acd2-1ec24f2db87e,Persoonlijke gerichtheid,Besluitvaardigheid,38,0
a992c073-f865-5a4d-acd2-1ec24f2db87e,Persoonlijke gerichtheid,Flexibiliteit,31,0
a992c073-f865-5a4d-acd2-1ec24f2db87e,Persoonlijke gerichtheid,Stressbestendigheid,71,2
a992c073-f865-5a4d-acd2-1ec24f2db87e,Persoonlijke gerichtheid,Ambitie,37,0
a992c073-f865-5a4d-acd2-1ec24f2db87e,Persoonlijke gerichtheid,Zelfstandigheid,50,1
a992c073-f865-5a4d-acd2-1ec24f2db87e,Persoonlijke gerichtheid,Doorzettingsvermogen,44,1
a992c073-f865-5a4d-acd2-1ec24f2db87e,Persoonlijke gerichtheid,Resultaatgerichtheid,30,0
a992c073-f865-5a4d-acd2-1ec24f2db87e,Persoonlijke gerichtheid,Leerbereidheid,51,1
a992c073-f865-5a4d-acd2-1ec24f2db87e,Persoonlijke gerichtheid,Inzet,34,0
a992c073-f865-5a4d-acd2-1ec24f2db87e,Persoonlijke gerichtheid,Nauwkeurigheid,56,1
a992c073-f865-5a4d-acd2-1ec24f2db87e,Organisatiegerichtheid,Organisatiesensitiviteit,52,1
a992c073-f865-5a4d-acd2-1ec24f2db87e,Organisatiegerichtheid,Klantoriëntatie,44,1
a992c073-f865-5a4d-acd2-1ec24f2db87e,Organisatiegerichtheid,Kwaliteitsgerichtheid,59,1
a992c073-f865-5a4d-acd2-1ec24f2db87e,Organisatiegerichtheid,Ondernemerschap,38,0
a992c073-f865-5a4d-acd2-1ec24f2db87e,Beïnvloedend vermogen,Overtuigingskracht,53,1
a992c073-f865-5a4d-acd2-1ec24f2db87e,Beïnvloedend vermogen,Aansturen van groepen,48,1
a992c073-f865-5a4d-acd2-1ec24f2db87e,Beïnvloedend vermogen,Aansturen van individuen,51,1
a992c073-f865-5a4d-acd2-1ec24f2db87e,Beïnvloedend vermogen,Coachen van medewerkers,47,1
a992c073-f865-5a4d-acd2-1ec24f2db87e,Beïnvloedend vermogen,Onderhandelen,49,1
a992c073-f865-5a4d-acd2-1ec24f2db87e,Organisatie vermogen,Plannen en organiseren,40,1
a992c073-f865-5a4d-acd2-1ec24f2db87e,Organisatie vermogen,Delegeren,52,1
a992c073-f865-5a4d-acd2-1ec24f2db87e,Organisatie vermogen,Voortgangscontrole,44,1
a992c073-f865-5a4d-acd2-1ec24f2db87e,Relationeel vermogen,Sensitiviteit,52,1
a992c073-f865-5a4d-acd2-1ec24f2db87e,Relationeel vermogen,Samenwerking,51,1
a992c073-f865-5a4d-acd2-1ec24f2db87e,Relationeel vermogen,Optreden,32,0
a992c073-f865-5a4d-acd2-1ec24f2db87e,Relationeel vermogen,Relatiebeheer,27,0
a992c073-f865-5a4d-acd2-1ec24f2db87e,Relationeel vermogen,Sociabiliteit,39,0
a992c073-f865-5a4d-acd2-1ec24f2db87e,Relationeel vermogen,Assertiviteit,44,1
0b8c4ad8-0c0a-58a8-9c41-6afa58400dc3,Persoonlijke gerichtheid,Initiatief,16,0
0b8c4ad8-0c0a-58a8-9c41-6afa58400dc3,Persoonlijke gerichtheid,Besluitvaardigheid,36,0
0b8c4ad8-0c0a-58a8-9c41-6afa58400dc3,Persoonlijke gerichtheid,Flexibiliteit,48,1
0b8c4ad8-0c0a-58a8-9c41-6afa58400dc3,Persoonlijke gerichtheid,Stressbestendigheid,21,0
0b8c4ad8-0c0a-58a8-9c41-6afa58400dc3,Persoonlijke gerichtheid,Ambitie,67,1
0b8c4ad8-0c0a-58a8-9c41-6afa58400dc3,Persoonlijke gerichtheid,Zelfstandigheid,38,0
0b8c4ad8-0c0a-58a8-9c41-6afa58400dc3,Persoonlijke gerichtheid,Doorzettingsvermogen,34,0
0b8c4ad8-0c0a-58a8-9c41-6afa58400dc3,Persoonlijke gerichtheid,Resultaatgerichtheid,50,1
0b8c4ad8-0c0a-58a8-9c41-6afa58400dc3,Persoonlijke gerichtheid,Leerbereidheid,74,2
0b8c4ad8-0c0a-58a8-9c41-6afa58400dc3,Persoonlijke gerichtheid,Inzet,21,0
0b8c4ad8-0c0a-58a8-9c41-6afa58400dc3,Persoonlijke gerichtheid,Nauwkeurigheid,36,0
0b8c4ad8-0c0a-58a8-9c41-6afa58400dc3,Organisatiegerichtheid,Organisatiesensitiviteit,38,0
0b8c4ad8-0c0a-58a8-9c41-6afa58400dc3,Organisatiegerichtheid,Klantoriëntatie,24,0
0b8c4ad8-0c0a-58a8-9c41-6afa58400dc3,Organisatiegerichtheid,Kwaliteitsgerichtheid,37,0
0b8c4ad8-0c0a-58a8-9c41-6afa58400dc3,Organisatiegerichtheid,Ondernemerschap,38,0
0b8c4ad8-0c0a-58a8-9c41-6afa58400dc3,Beïnvloedend vermogen,Overtuigingskracht,35,0
0b8c4ad8-0c0a-58a8-9c41-6afa58400dc3,Beïnvloedend vermogen,Aansturen van groepen,45,1
0b8c4ad8-0c0a-58a8-9c41-6afa58400dc3,Beïnvloedend vermogen,Aansturen van individuen,34,0
0b8c4ad8-0c0a-58a8-9c41-6afa58400dc3,Beïnvloedend vermogen,Coachen van medewerkers,39,0
0b8c4ad8-0c0a-58a8-9c41-6afa58400dc3,Beïnvloedend vermogen,Onderhandelen,38,0
0b8c4ad8-0c0a-58a8-9c41-6afa58400dc3,Organisatie vermogen,Plannen en organiseren,27,0
0b8c4ad8-0c0a-58a8-9c41-6afa58400dc3,Organisatie vermogen,Delegeren,37,0
0b8c4ad8-0c0a-58a8-9c41-6afa58400dc3,Organisatie vermogen,Voortgangscontrole,30,0
0b8c4ad8-0c0a-58a8-9c41-6afa58400dc3,Relationeel vermogen,Sensitiviteit,38,0
0b8c4ad8-0c0a-58a8-9c41-6afa58400dc3,Relationeel vermogen,Samenwerking,26,0
0b8c4ad8-0c0a-58a8-9c41-6afa58400dc3,Relationeel vermogen,Optreden,23,0
0b8c4ad8-0c0a-58a8-9c41-6afa58400dc3,Relationeel vermogen,Relatiebeheer,19,0
0b8c4ad8-0c0a-58a8-9c41-6afa58400dc3,Relationeel vermogen,Sociabiliteit,16,0
0b8c4ad8-0c0a-58a8-9c41-6afa58400dc3,Relationeel vermogen,Assertiviteit,36,0
230154a9-def4-5404-a86e-ec8626ee4c95,Persoonlijke gerichtheid,Initiatief,27,0
230154a9-def4-5404-a86e-ec8626ee4c95,Persoonlijke gerichtheid,Besluitvaardigheid,44,1
230154a9-def4-5404-a86e-ec8626ee4c95,Persoonlijke gerichtheid,Flexibiliteit,32,0
230154a9-def4-5404-a86e-ec8626ee4c95,Persoonlijke gerichtheid,Stressbestendigheid,41,1
230154a9-def4-5404-a86e-ec8626ee4c95,Persoonlijke gerichtheid,Ambitie,14,0
230154a9-def4-5404-a86e-ec8626ee4c95,Persoonlijke gerichtheid,Zelfstandigheid,52,1
230154a9-def4-5404-a86e-ec8626ee4c95,Persoonlijke gerichtheid,Doorzettingsvermogen,16,0
230154a9-def4-5404-a86e-ec8626ee4c95,Persoonlijke gerichtheid,Resultaatgerichtheid,9,0
230154a9-def4-5404-a86e-ec8626ee4c95,Persoonlijke gerichtheid,Leerbereidheid,40,1
230154a9-def4-5404-a86e-ec8626ee4c95,Persoonlijke gerichtheid,Inzet,14,0
230154a9-def4-5404-a86e-ec8626ee4c95,Persoonlijke gerichtheid,Nauwkeurigheid,25,0
230154a9-def4-5404-a86e-ec8626ee4c95,Organisatiegerichtheid,Organisatiesensitiviteit,54,1
230154a9-def4-5404-a86e-ec8626ee4c95,Organisatiegerichtheid,Klantoriëntatie,34,0
230154a9-def4-5404-a86e-ec8626ee4c95,Organisatiegerichtheid,Kwaliteitsgerichtheid,21,0
230154a9-def4-5404-a86e-ec8626ee4c95,Organisatiegerichtheid,Ondernemerschap,28,0
230154a9-def4-5404-a86e-ec8626ee4c95,Beïnvloedend vermogen,Overtuigingskracht,38,0
230154a9-def4-5404-a86e-ec8626ee4c95,Beïnvloedend vermogen,Aansturen van groepen,29,0
230154a9-def4-5404-a86e-ec8626ee4c95,Beïnvloedend vermogen,Aansturen van individuen,44,1
230154a9-def4-5404-a86e-ec8626ee4c95,Beïnvloedend vermogen,Coachen van medewerkers,47,1
230154a9-def4-5404-a86e-ec8626ee4c95,Beïnvloedend vermogen,Onderhandelen,32,0
230154a9-def4-5404-a86e-ec8626ee4c95,Organisatie vermogen,Plannen en organiseren,16,0
230154a9-def4-5404-a86e-ec8626ee4c95,Organisatie vermogen,Delegeren,46,1
230154a9-def4-5404-a86e-ec8626ee4c95,Organisatie vermogen,Voortgangscontrole,22,0
230154a9-def4-5404-a86e-ec8626ee4c95,Relationeel vermogen,Sensitiviteit,48,1
230154a9-def4-5404-a86e-ec8626ee4c95,Relationeel vermogen,Samenwerking,43,1
230154a9-def4-5404-a86e-ec8626ee4c95,Relationeel vermogen,Optreden,38,0
230154a9-def4-5404-a86e-ec8626ee4c95,Relationeel vermogen,Relatiebeheer,23,0
230154a9-def4-5404-a86e-ec8626ee4c95,Relationeel vermogen,Sociabiliteit,31,0
230154a9-def4-5404-a86e-ec8626ee4c95,Relationeel vermogen,Assertiviteit,40,1
de12a2c7-d545-55e2-bd43-69fab0a50149,Persoonlijke gerichtheid,Initiatief,29,0
de12a2c7-d545-55e2-bd43-69fab0a50149,Persoonlijke gerichtheid,Besluitvaardigheid,30,0
de12a2c7-d545-55e2-bd43-69fab0a50149,Persoonlijke gerichtheid,Flexibiliteit,35,0
de12a2c7-d545-55e2-bd43-69fab0a50149,Persoonlijke gerichtheid,Stressbestendigheid,33,0
de12a2c7-d545-55e2-bd43-69fab0a50149,Persoonlijke gerichtheid,Ambitie,59,1
de12a2c7-d545-55e2-bd43-69fab0a50149,Persoonlijke gerichtheid,Zelfstandigheid,31,0
de12a2c7-d545-55e2-bd43-69fab0a50149,Persoonlijke gerichtheid,Doorzettingsvermogen,39,0
de12a2c7-d545-55e2-bd43-69fab0a50149,Persoonlijke gerichtheid,Resultaatgerichtheid,38,0
de12a2c7-d545-55e2-bd43-69fab0a50149,Persoonlijke gerichtheid,Leerbereidheid,57,1
de12a2c7-d545-55e2-bd43-69fab0a50149,Persoonlijke gerichtheid,Inzet,31,0
de12a2c7-d545-55e2-bd43-69fab0a50149,Persoonlijke gerichtheid,Nauwkeurigheid,25,0
de12a2c7-d545-55e2-bd43-69fab0a50149,Organisatiegerichtheid,Organisatiesensitiviteit,62,1
de12a2c7-d545-55e2-bd43-69fab0a50149,Organisatiegerichtheid,Klantoriëntatie,36,0
de12a2c7-d545-55e2-bd43-69fab0a50149,Organisatiegerichtheid,Kwaliteitsgerichtheid,21,0
de12a2c7-d545-55e2-bd43-69fab0a50149,Organisatiegerichtheid,Ondernemerschap,34,0
de12a2c7-d545-55e2-bd43-69fab0a50149,Beïnvloedend vermogen,Overtuigingskracht,26,0
de12a2c7-d545-55e2-bd43-69fab0a50149,Beïnvloedend vermogen,Aansturen van groepen,45,1
de12a2c7-d545-55e2-bd43-69fab0a50149,Beïnvloedend vermogen,Aansturen van individuen,34,0
de12a2c7-d545-55e2-bd43-69fab0a50149,Beïnvloedend vermogen,Coachen van medewerkers,47,1
de12a2c7-d545-55e2-bd43-69fab0a50149,Beïnvloedend vermogen,Onderhandelen,30,0
de12a2c7-d545-55e2-bd43-69fab0a50149,Organisatie vermogen,Plannen en organiseren,29,0
de12a2c7-d545-55e2-bd43-69fab0a50149,Organisatie vermogen,Delegeren,61,1
de12a2c7-d545-55e2-bd43-69fab0a50149,Organisatie vermogen,Voortgangscontrole,30,0
de12a2c7-d545-55e2-bd43-69fab0a50149,Relationeel vermogen,Sensitiviteit,52,1
de12a2c7-d545-55e2-bd43-69fab0a50149,Relationeel vermogen,Samenwerking,59,1
de12a2c7-d545-55e2-bd43-69fab0a50149,Relationeel vermogen,Optreden,33,0
de12a2c7-d545-55e2-bd43-69fab0a50149,Relationeel vermogen,Relatiebeheer,37,0
de12a2c7-d545-55e2-bd43-69fab0a50149,Relationeel vermogen,Sociabiliteit,35,0
de12a2c7-d545-55e2-bd43-69fab0a50149,Relationeel vermogen,Assertiviteit,29,0
