File ID,Groep ID,Richting
bbb0d942-a1c9-5a2d-a36b-2ab007243a1f,April 2022,Scientist
5c0747ca-674f-5dcd-aa3d-0dda5a77c658,April 2022,Scientist
06f319de-6e2d-596f-a545-d3fed5b048f1,April 2022,Analist
a5bc65f4-cbe4-5303-9ac4-0a97089e3ec2,April 2022,Analist
34b25cea-5d13-521f-a7ee-5ab4d31bb7cf,April 2022,Engineer
061a8da0-102b-58ec-9536-67e4018e4894,April 2022,Analist
eb695653-6a34-557a-aa9b-90a16a666a9b,April 2022,Analist
24e2d531-6fab-5f5b-9282-a488302c6547,April 2023,Analist
376aa464-a5f7-5aed-acd9-7dceb37ded9d,April 2023,Analist
b33aa947-10e1-53b7-ad59-affc46fac901,April 2023,Engineer
228c72c7-39f3-5090-883c-8e71882f4963,April 2023,Engineer
c636db50-3f4e-5aaa-a98b-965b132f4859,April 2023,Engineer
8de5b61e-d856-51b5-b6c9-5e9a07d70dcc,April 2023,Product Owner
8783258b-64d3-5d41-92cf-08532d074f44,Januari 2022,Analist
709c252c-5841-547c-bc0d-099fa1d0052b,Januari 2022,Engineer
6d5cecd8-e3c3-524b-88b3-ed62a8d52f88,Januari 2022,Analist
283ab77f-98df-5946-aacd-c3bf20cc1bc4,Januari 2022,Analist
3e44802d-3364-5f3a-af67-a038e335a656,Januari 2022,Analist
645025be-9089-5afa-a2e1-5b77a6593f13,Januari 2022,Analist
04e108ed-dcea-5f17-871c-7e7d9901a5ec,Januari 2023,Engineer
980717fa-cb0e-5995-a07f-d7eabf81f302,Januari 2023,Analist
5e3ed26e-b8d0-53f5-be5a-38296109877d,Januari 2023,Analist
740200fb-ceec-58a1-a4da-f24c997943de,Januari 2023,Analist
d73cd100-0c15-518b-874f-03a8811ebd04,Januari 2024,Scientist
7080eb17-4d6c-516c-9cb2-70c2cfb220e8,Januari 2024,Analist
10aff0a6-3e67-53d9-9ac4-3224643e0d22,Januari 2024,Analist
0b987c95-d61b-5d7f-925c-9c894e0937ce,Januari 2024,Engineer
61369f33-c11d-5d29-80ed-d751b8246cd1,Januari 2024,Analist
c22e1828-5784-556c-a41b-541e88bbe819,September 2022,Analist
6f169b8a-96c4-5c9c-8228-4bd081defe41,September 2022,Analist
0ac45ebf-abaf-52c1-904e-73f962af3ef0,September 2022,Engineer
82371131-0df5-5703-b77f-6b45c3c4c2d9,September 2022,Engineer
c6323f05-ac11-5726-b4a1-474fa2d166a8,September 2022,Analist
54607c72-f7f0-5106-874f-ff352975ea48,September 2022,Analist
fe1661b9-4971-54a3-b310-1b7dadb63fcc,September 2023,Analist
debd2b0d-0e57-5d40-90ef-74cdb7758757,September 2023,Product Owner
1d86b3eb-82cf-5248-9a19-5472e1913b44,September 2023,Engineer
a992c073-f865-5a4d-acd2-1ec24f2db87e,September 2023,Scientist
0b8c4ad8-0c0a-58a8-9c41-6afa58400dc3,September 2023,Analist
230154a9-def4-5404-a86e-ec8626ee4c95,September 2023,Analist
de12a2c7-d545-55e2-bd43-69fab0a50149,September 2023,Analist
