File ID,Hoofdkenmerk,Subkenmerk,Subscore
bbb0d942-a1c9-5a2d-a36b-2ab007243a1f,Invloed,Status,3
bbb0d942-a1c9-5a2d-a36b-2ab007243a1f,Invloed,Dominantie,5
bbb0d942-a1c9-5a2d-a36b-2ab007243a1f,Invloed,Competitie,2
bbb0d942-a1c9-5a2d-a36b-2ab007243a1f,Invloed,Zelfvertoon,2
bbb0d942-a1c9-5a2d-a36b-2ab007243a1f,Sociabiliteit,Contactbehoefte,4
bbb0d942-a1c9-5a2d-a36b-2ab007243a1f,Sociabiliteit,Sociaal Ontspannen,3
bbb0d942-a1c9-5a2d-a36b-2ab007243a1f,Sociabiliteit,Zelfonthulling,4
bbb0d942-a1c9-5a2d-a36b-2ab007243a1f,Sociabiliteit,Vertrouwen,8
bbb0d942-a1c9-5a2d-a36b-2ab007243a1f,Sociabiliteit,Hartelijkheid,3
bbb0d942-a1c9-5a2d-a36b-2ab007243a1f,Sociabiliteit,Zorgzaamheid,6
bbb0d942-a1c9-5a2d-a36b-2ab007243a1f,Gedrevenheid,Energie,3
bbb0d942-a1c9-5a2d-a36b-2ab007243a1f,Gedrevenheid,Zelfontwikkeling,7
bbb0d942-a1c9-5a2d-a36b-2ab007243a1f,Gedrevenheid,Volharding,6
bbb0d942-a1c9-5a2d-a36b-2ab007243a1f,Gedrevenheid,Variatiebehoefte,5
bbb0d942-a1c9-5a2d-a36b-2ab007243a1f,Gedrevenheid,Originaliteit,8
bbb0d942-a1c9-5a2d-a36b-2ab007243a1f,Gedrevenheid,Onafhankelijkheid,6
bbb0d942-a1c9-5a2d-a36b-2ab007243a1f,Structuur,Ordelijkheid,4
bbb0d942-a1c9-5a2d-a36b-2ab007243a1f,Structuur,Nauwkeurigheid,3
bbb0d942-a1c9-5a2d-a36b-2ab007243a1f,Structuur,Regelmaat,4
bbb0d942-a1c9-5a2d-a36b-2ab007243a1f,Structuur,Conformisme,4
bbb0d942-a1c9-5a2d-a36b-2ab007243a1f,Structuur,Weloverwogen,7
bbb0d942-a1c9-5a2d-a36b-2ab007243a1f,Stabiliteit,Zelfvertrouwen,4
bbb0d942-a1c9-5a2d-a36b-2ab007243a1f,Stabiliteit,Positivisme,7
bbb0d942-a1c9-5a2d-a36b-2ab007243a1f,Stabiliteit,Frustratietolerantie,8
bbb0d942-a1c9-5a2d-a36b-2ab007243a1f,Stabiliteit,Incasseringsvermogen,6
5c0747ca-674f-5dcd-aa3d-0dda5a77c658,Invloed,Status,8
5c0747ca-674f-5dcd-aa3d-0dda5a77c658,Invloed,Dominantie,7
5c0747ca-674f-5dcd-aa3d-0dda5a77c658,Invloed,Competitie,5
5c0747ca-674f-5dcd-aa3d-0dda5a77c658,Invloed,Zelfvertoon,6
5c0747ca-674f-5dcd-aa3d-0dda5a77c658,Sociabiliteit,Contactbehoefte,8
5c0747ca-674f-5dcd-aa3d-0dda5a77c658,Sociabiliteit,Sociaal Ontspannen,8
5c0747ca-674f-5dcd-aa3d-0dda5a77c658,Sociabiliteit,Zelfonthulling,6
5c0747ca-674f-5dcd-aa3d-0dda5a77c658,Sociabiliteit,Vertrouwen,9
5c0747ca-674f-5dcd-aa3d-0dda5a77c658,Sociabiliteit,Hartelijkheid,7
5c0747ca-674f-5dcd-aa3d-0dda5a77c658,Sociabiliteit,Zorgzaamheid,5
5c0747ca-674f-5dcd-aa3d-0dda5a77c658,Gedrevenheid,Energie,7
5c0747ca-674f-5dcd-aa3d-0dda5a77c658,Gedrevenheid,Zelfontwikkeling,6
5c0747ca-674f-5dcd-aa3d-0dda5a77c658,Gedrevenheid,Volharding,5
5c0747ca-674f-5dcd-aa3d-0dda5a77c658,Gedrevenheid,Variatiebehoefte,8
5c0747ca-674f-5dcd-aa3d-0dda5a77c658,Gedrevenheid,Originaliteit,7
5c0747ca-674f-5dcd-aa3d-0dda5a77c658,Gedrevenheid,Onafhankelijkheid,4
5c0747ca-674f-5dcd-aa3d-0dda5a77c658,Structuur,Ordelijkheid,6
5c0747ca-674f-5dcd-aa3d-0dda5a77c658,Structuur,Nauwkeurigheid,7
5c0747ca-674f-5dcd-aa3d-0dda5a77c658,Structuur,Regelmaat,6
5c0747ca-674f-5dcd-aa3d-0dda5a77c658,Structuur,Conformisme,6
5c0747ca-674f-5dcd-aa3d-0dda5a77c658,Structuur,Weloverwogen,5
5c0747ca-674f-5dcd-aa3d-0dda5a77c658,Stabiliteit,Zelfvertrouwen,6
5c0747ca-674f-5dcd-aa3d-0dda5a77c658,Stabiliteit,Positivisme,7
5c0747ca-674f-5dcd-aa3d-0dda5a77c658,Stabiliteit,Frustratietolerantie,7
5c0747ca-674f-5dcd-aa3d-0dda5a77c658,Stabiliteit,Incasseringsvermogen,6
06f319de-6e2d-596f-a545-d3fed5b048f1,Invloed,Status,5
06f319de-6e2d-596f-a545-d3fed5b048f1,Invloed,Dominantie,5
06f319de-6e2d-596f-a545-d3fed5b048f1,Invloed,Competitie,5
06f319de-6e2d-596f-a545-d3fed5b048f1,Invloed,Zelfvertoon,5
06f319de-6e2d-596f-a545-d3fed5b048f1,Sociabiliteit,Contactbehoefte,4
06f319de-6e2d-596f-a545-d3fed5b048f1,Sociabiliteit,Sociaal Ontspannen,4
06f319de-6e2d-596f-a545-d3fed5b048f1,Sociabiliteit,Zelfonthulling,6
06f319de-6e2d-596f-a545-d3fed5b048f1,Sociabiliteit,Vertrouwen,5
06f319de-6e2d-596f-a545-d3fed5b048f1,Sociabiliteit,Hartelijkheid,5
06f319de-6e2d-596f-a545-d3fed5b048f1,Sociabiliteit,Zorgzaamheid,7
06f319de-6e2d-596f-a545-d3fed5b048f1,Gedrevenheid,Energie,5
06f319de-6e2d-596f-a545-d3fed5b048f1,Gedrevenheid,Zelfontwikkeling,7
06f319de-6e2d-596f-a545-d3fed5b048f1,Gedrevenheid,Volharding,5
06f319de-6e2d-596f-a545-d3fed5b048f1,Gedrevenheid,Variatiebehoefte,4
06f319de-6e2d-596f-a545-d3fed5b048f1,Gedrevenheid,Originaliteit,5
06f319de-6e2d-596f-a545-d3fed5b048f1,Gedrevenheid,Onafhankelijkheid,7
06f319de-6e2d-596f-a545-d3fed5b048f1,Structuur,Ordelijkheid,4
06f319de-6e2d-596f-a545-d3fed5b048f1,Structuur,Nauwkeurigheid,7
06f319de-6e2d-596f-a545-d3fed5b048f1,Structuur,Regelmaat,7
06f319de-6e2d-596f-a545-d3fed5b048f1,Structuur,Conformisme,3
06f319de-6e2d-596f-a545-d3fed5b048f1,Structuur,Weloverwogen,6
06f319de-6e2d-596f-a545-d3fed5b048f1,Stabiliteit,Zelfvertrouwen,5
06f319de-6e2d-596f-a545-d3fed5b048f1,Stabiliteit,Positivisme,4
06f319de-6e2d-596f-a545-d3fed5b048f1,Stabiliteit,Frustratietolerantie,5
06f319de-6e2d-596f-a545-d3fed5b048f1,Stabiliteit,Incasseringsvermogen,6
a5bc65f4-cbe4-5303-9ac4-0a97089e3ec2,Invloed,Status,6
a5bc65f4-cbe4-5303-9ac4-0a97089e3ec2,Invloed,Dominantie,6
a5bc65f4-cbe4-5303-9ac4-0a97089e3ec2,Invloed,Competitie,7
a5bc65f4-cbe4-5303-9ac4-0a97089e3ec2,Invloed,Zelfvertoon,6
a5bc65f4-cbe4-5303-9ac4-0a97089e3ec2,Sociabiliteit,Contactbehoefte,6
a5bc65f4-cbe4-5303-9ac4-0a97089e3ec2,Sociabiliteit,Sociaal Ontspannen,5
a5bc65f4-cbe4-5303-9ac4-0a97089e3ec2,Sociabiliteit,Zelfonthulling,7
a5bc65f4-cbe4-5303-9ac4-0a97089e3ec2,Sociabiliteit,Vertrouwen,7
a5bc65f4-cbe4-5303-9ac4-0a97089e3ec2,Sociabiliteit,Hartelijkheid,7
a5bc65f4-cbe4-5303-9ac4-0a97089e3ec2,Sociabiliteit,Zorgzaamheid,5
a5bc65f4-cbe4-5303-9ac4-0a97089e3ec2,Gedrevenheid,Energie,5
a5bc65f4-cbe4-5303-9ac4-0a97089e3ec2,Gedrevenheid,Zelfontwikkeling,4
a5bc65f4-cbe4-5303-9ac4-0a97089e3ec2,Gedrevenheid,Volharding,5
a5bc65f4-cbe4-5303-9ac4-0a97089e3ec2,Gedrevenheid,Variatiebehoefte,3
a5bc65f4-cbe4-5303-9ac4-0a97089e3ec2,Gedrevenheid,Originaliteit,3
a5bc65f4-cbe4-5303-9ac4-0a97089e3ec2,Gedrevenheid,Onafhankelijkheid,6
a5bc65f4-cbe4-5303-9ac4-0a97089e3ec2,Structuur,Ordelijkheid,6
a5bc65f4-cbe4-5303-9ac4-0a97089e3ec2,Structuur,Nauwkeurigheid,5
a5bc65f4-cbe4-5303-9ac4-0a97089e3ec2,Structuur,Regelmaat,6
a5bc65f4-cbe4-5303-9ac4-0a97089e3ec2,Structuur,Conformisme,6
a5bc65f4-cbe4-5303-9ac4-0a97089e3ec2,Structuur,Weloverwogen,5
a5bc65f4-cbe4-5303-9ac4-0a97089e3ec2,Stabiliteit,Zelfvertrouwen,5
a5bc65f4-cbe4-5303-9ac4-0a97089e3ec2,Stabiliteit,Positivisme,8
a5bc65f4-cbe4-5303-9ac4-0a97089e3ec2,Stabiliteit,Frustratietolerantie,5
a5bc65f4-cbe4-5303-9ac4-0a97089e3ec2,Stabiliteit,Incasseringsvermogen,5
34b25cea-5d13-521f-a7ee-5ab4d31bb7cf,Invloed,Status,4
34b25cea-5d13-521f-a7ee-5ab4d31bb7cf,Invloed,Dominantie,3
34b25cea-5d13-521f-a7ee-5ab4d31bb7cf,Invloed,Competitie,3
34b25cea-5d13-521f-a7ee-5ab4d31bb7cf,Invloed,Zelfvertoon,3
34b25cea-5d13-521f-a7ee-5ab4d31bb7cf,Sociabiliteit,Contactbehoefte,4
34b25cea-5d13-521f-a7ee-5ab4d31bb7cf,Sociabiliteit,Sociaal Ontspannen,3
34b25cea-5d13-521f-a7ee-5ab4d31bb7cf,Sociabiliteit,Zelfonthulling,4
34b25cea-5d13-521f-a7ee-5ab4d31bb7cf,Sociabiliteit,Vertrouwen,4
34b25cea-5d13-521f-a7ee-5ab4d31bb7cf,Sociabiliteit,Hartelijkheid,3
34b25cea-5d13-521f-a7ee-5ab4d31bb7cf,Sociabiliteit,Zorgzaamheid,5
34b25cea-5d13-521f-a7ee-5ab4d31bb7cf,Gedrevenheid,Energie,1
34b25cea-5d13-521f-a7ee-5ab4d31bb7cf,Gedrevenheid,Zelfontwikkeling,3
34b25cea-5d13-521f-a7ee-5ab4d31bb7cf,Gedrevenheid,Volharding,4
34b25cea-5d13-521f-a7ee-5ab4d31bb7cf,Gedrevenheid,Variatiebehoefte,3
34b25cea-5d13-521f-a7ee-5ab4d31bb7cf,Gedrevenheid,Originaliteit,5
34b25cea-5d13-521f-a7ee-5ab4d31bb7cf,Gedrevenheid,Onafhankelijkheid,4
34b25cea-5d13-521f-a7ee-5ab4d31bb7cf,Structuur,Ordelijkheid,4
34b25cea-5d13-521f-a7ee-5ab4d31bb7cf,Structuur,Nauwkeurigheid,5
34b25cea-5d13-521f-a7ee-5ab4d31bb7cf,Structuur,Regelmaat,6
34b25cea-5d13-521f-a7ee-5ab4d31bb7cf,Structuur,Conformisme,5
34b25cea-5d13-521f-a7ee-5ab4d31bb7cf,Structuur,Weloverwogen,6
34b25cea-5d13-521f-a7ee-5ab4d31bb7cf,Stabiliteit,Zelfvertrouwen,2
34b25cea-5d13-521f-a7ee-5ab4d31bb7cf,Stabiliteit,Positivisme,4
34b25cea-5d13-521f-a7ee-5ab4d31bb7cf,Stabiliteit,Frustratietolerantie,5
34b25cea-5d13-521f-a7ee-5ab4d31bb7cf,Stabiliteit,Incasseringsvermogen,4
061a8da0-102b-58ec-9536-67e4018e4894,Invloed,Status,7
061a8da0-102b-58ec-9536-67e4018e4894,Invloed,Dominantie,6
061a8da0-102b-58ec-9536-67e4018e4894,Invloed,Competitie,6
061a8da0-102b-58ec-9536-67e4018e4894,Invloed,Zelfvertoon,5
061a8da0-102b-58ec-9536-67e4018e4894,Sociabiliteit,Contactbehoefte,5
061a8da0-102b-58ec-9536-67e4018e4894,Sociabiliteit,Sociaal Ontspannen,6
061a8da0-102b-58ec-9536-67e4018e4894,Sociabiliteit,Zelfonthulling,7
061a8da0-102b-58ec-9536-67e4018e4894,Sociabiliteit,Vertrouwen,7
061a8da0-102b-58ec-9536-67e4018e4894,Sociabiliteit,Hartelijkheid,6
061a8da0-102b-58ec-9536-67e4018e4894,Sociabiliteit,Zorgzaamheid,5
061a8da0-102b-58ec-9536-67e4018e4894,Gedrevenheid,Energie,5
061a8da0-102b-58ec-9536-67e4018e4894,Gedrevenheid,Zelfontwikkeling,8
061a8da0-102b-58ec-9536-67e4018e4894,Gedrevenheid,Volharding,5
061a8da0-102b-58ec-9536-67e4018e4894,Gedrevenheid,Variatiebehoefte,8
061a8da0-102b-58ec-9536-67e4018e4894,Gedrevenheid,Originaliteit,7
061a8da0-102b-58ec-9536-67e4018e4894,Gedrevenheid,Onafhankelijkheid,7
061a8da0-102b-58ec-9536-67e4018e4894,Structuur,Ordelijkheid,5
061a8da0-102b-58ec-9536-67e4018e4894,Structuur,Nauwkeurigheid,5
061a8da0-102b-58ec-9536-67e4018e4894,Structuur,Regelmaat,4
061a8da0-102b-58ec-9536-67e4018e4894,Structuur,Conformisme,7
061a8da0-102b-58ec-9536-67e4018e4894,Structuur,Weloverwogen,8
061a8da0-102b-58ec-9536-67e4018e4894,Stabiliteit,Zelfvertrouwen,5
061a8da0-102b-58ec-9536-67e4018e4894,Stabiliteit,Positivisme,7
061a8da0-102b-58ec-9536-67e4018e4894,Stabiliteit,Frustratietolerantie,9
061a8da0-102b-58ec-9536-67e4018e4894,Stabiliteit,Incasseringsvermogen,8
eb695653-6a34-557a-aa9b-90a16a666a9b,Invloed,Status,8
eb695653-6a34-557a-aa9b-90a16a666a9b,Invloed,Dominantie,4
eb695653-6a34-557a-aa9b-90a16a666a9b,Invloed,Competitie,7
eb695653-6a34-557a-aa9b-90a16a666a9b,Invloed,Zelfvertoon,5
eb695653-6a34-557a-aa9b-90a16a666a9b,Sociabiliteit,Contactbehoefte,9
eb695653-6a34-557a-aa9b-90a16a666a9b,Sociabiliteit,Sociaal Ontspannen,6
eb695653-6a34-557a-aa9b-90a16a666a9b,Sociabiliteit,Zelfonthulling,6
eb695653-6a34-557a-aa9b-90a16a666a9b,Sociabiliteit,Vertrouwen,8
eb695653-6a34-557a-aa9b-90a16a666a9b,Sociabiliteit,Hartelijkheid,9
eb695653-6a34-557a-aa9b-90a16a666a9b,Sociabiliteit,Zorgzaamheid,8
eb695653-6a34-557a-aa9b-90a16a666a9b,Gedrevenheid,Energie,9
eb695653-6a34-557a-aa9b-90a16a666a9b,Gedrevenheid,Zelfontwikkeling,10
eb695653-6a34-557a-aa9b-90a16a666a9b,Gedrevenheid,Volharding,10
eb695653-6a34-557a-aa9b-90a16a666a9b,Gedrevenheid,Variatiebehoefte,9
eb695653-6a34-557a-aa9b-90a16a666a9b,Gedrevenheid,Originaliteit,7
eb695653-6a34-557a-aa9b-90a16a666a9b,Gedrevenheid,Onafhankelijkheid,4
eb695653-6a34-557a-aa9b-90a16a666a9b,Structuur,Ordelijkheid,9
eb695653-6a34-557a-aa9b-90a16a666a9b,Structuur,Nauwkeurigheid,10
eb695653-6a34-557a-aa9b-90a16a666a9b,Structuur,Regelmaat,5
eb695653-6a34-557a-aa9b-90a16a666a9b,Structuur,Conformisme,10
eb695653-6a34-557a-aa9b-90a16a666a9b,Structuur,Weloverwogen,10
eb695653-6a34-557a-aa9b-90a16a666a9b,Stabiliteit,Zelfvertrouwen,6
eb695653-6a34-557a-aa9b-90a16a666a9b,Stabiliteit,Positivisme,8
eb695653-6a34-557a-aa9b-90a16a666a9b,Stabiliteit,Frustratietolerantie,10
eb695653-6a34-557a-aa9b-90a16a666a9b,Stabiliteit,Incasseringsvermogen,8
24e2d531-6fab-5f5b-9282-a488302c6547,Invloed,Status,5
24e2d531-6fab-5f5b-9282-a488302c6547,Invloed,Dominantie,6
24e2d531-6fab-5f5b-9282-a488302c6547,Invloed,Competitie,5
24e2d531-6fab-5f5b-9282-a488302c6547,Invloed,Zelfvertoon,6
24e2d531-6fab-5f5b-9282-a488302c6547,Sociabiliteit,Contactbehoefte,6
24e2d531-6fab-5f5b-9282-a488302c6547,Sociabiliteit,Sociaal Ontspannen,5
24e2d531-6fab-5f5b-9282-a488302c6547,Sociabiliteit,Zelfonthulling,6
24e2d531-6fab-5f5b-9282-a488302c6547,Sociabiliteit,Vertrouwen,3
24e2d531-6fab-5f5b-9282-a488302c6547,Sociabiliteit,Hartelijkheid,3
24e2d531-6fab-5f5b-9282-a488302c6547,Sociabiliteit,Zorgzaamheid,7
24e2d531-6fab-5f5b-9282-a488302c6547,Gedrevenheid,Energie,4
24e2d531-6fab-5f5b-9282-a488302c6547,Gedrevenheid,Zelfontwikkeling,4
24e2d531-6fab-5f5b-9282-a488302c6547,Gedrevenheid,Volharding,4
24e2d531-6fab-5f5b-9282-a488302c6547,Gedrevenheid,Variatiebehoefte,5
24e2d531-6fab-5f5b-9282-a488302c6547,Gedrevenheid,Originaliteit,5
24e2d531-6fab-5f5b-9282-a488302c6547,Gedrevenheid,Onafhankelijkheid,8
24e2d531-6fab-5f5b-9282-a488302c6547,Structuur,Ordelijkheid,5
24e2d531-6fab-5f5b-9282-a488302c6547,Structuur,Nauwkeurigheid,5
24e2d531-6fab-5f5b-9282-a488302c6547,Structuur,Regelmaat,5
24e2d531-6fab-5f5b-9282-a488302c6547,Structuur,Conformisme,2
24e2d531-6fab-5f5b-9282-a488302c6547,Structuur,Weloverwogen,7
24e2d531-6fab-5f5b-9282-a488302c6547,Stabiliteit,Zelfvertrouwen,4
24e2d531-6fab-5f5b-9282-a488302c6547,Stabiliteit,Positivisme,3
24e2d531-6fab-5f5b-9282-a488302c6547,Stabiliteit,Frustratietolerantie,3
24e2d531-6fab-5f5b-9282-a488302c6547,Stabiliteit,Incasseringsvermogen,2
376aa464-a5f7-5aed-acd9-7dceb37ded9d,Invloed,Status,8
376aa464-a5f7-5aed-acd9-7dceb37ded9d,Invloed,Dominantie,9
376aa464-a5f7-5aed-acd9-7dceb37ded9d,Invloed,Competitie,8
376aa464-a5f7-5aed-acd9-7dceb37ded9d,Invloed,Zelfvertoon,7
376aa464-a5f7-5aed-acd9-7dceb37ded9d,Sociabiliteit,Contactbehoefte,6
376aa464-a5f7-5aed-acd9-7dceb37ded9d,Sociabiliteit,Sociaal Ontspannen,7
376aa464-a5f7-5aed-acd9-7dceb37ded9d,Sociabiliteit,Zelfonthulling,6
376aa464-a5f7-5aed-acd9-7dceb37ded9d,Sociabiliteit,Vertrouwen,4
376aa464-a5f7-5aed-acd9-7dceb37ded9d,Sociabiliteit,Hartelijkheid,7
376aa464-a5f7-5aed-acd9-7dceb37ded9d,Sociabiliteit,Zorgzaamheid,7
376aa464-a5f7-5aed-acd9-7dceb37ded9d,Gedrevenheid,Energie,7
376aa464-a5f7-5aed-acd9-7dceb37ded9d,Gedrevenheid,Zelfontwikkeling,8
376aa464-a5f7-5aed-acd9-7dceb37ded9d,Gedrevenheid,Volharding,8
376aa464-a5f7-5aed-acd9-7dceb37ded9d,Gedrevenheid,Variatiebehoefte,6
376aa464-a5f7-5aed-acd9-7dceb37ded9d,Gedrevenheid,Originaliteit,6
376aa464-a5f7-5aed-acd9-7dceb37ded9d,Gedrevenheid,Onafhankelijkheid,6
376aa464-a5f7-5aed-acd9-7dceb37ded9d,Structuur,Ordelijkheid,7
376aa464-a5f7-5aed-acd9-7dceb37ded9d,Structuur,Nauwkeurigheid,9
376aa464-a5f7-5aed-acd9-7dceb37ded9d,Structuur,Regelmaat,5
376aa464-a5f7-5aed-acd9-7dceb37ded9d,Structuur,Conformisme,8
376aa464-a5f7-5aed-acd9-7dceb37ded9d,Structuur,Weloverwogen,10
376aa464-a5f7-5aed-acd9-7dceb37ded9d,Stabiliteit,Zelfvertrouwen,7
376aa464-a5f7-5aed-acd9-7dceb37ded9d,Stabiliteit,Positivisme,7
376aa464-a5f7-5aed-acd9-7dceb37ded9d,Stabiliteit,Frustratietolerantie,8
376aa464-a5f7-5aed-acd9-7dceb37ded9d,Stabiliteit,Incasseringsvermogen,10
b33aa947-10e1-53b7-ad59-affc46fac901,Invloed,Status,4
b33aa947-10e1-53b7-ad59-affc46fac901,Invloed,Dominantie,5
b33aa947-10e1-53b7-ad59-affc46fac901,Invloed,Competitie,4
b33aa947-10e1-53b7-ad59-affc46fac901,Invloed,Zelfvertoon,4
b33aa947-10e1-53b7-ad59-affc46fac901,Sociabiliteit,Contactbehoefte,4
b33aa947-10e1-53b7-ad59-affc46fac901,Sociabiliteit,Sociaal Ontspannen,3
b33aa947-10e1-53b7-ad59-affc46fac901,Sociabiliteit,Zelfonthulling,3
b33aa947-10e1-53b7-ad59-affc46fac901,Sociabiliteit,Vertrouwen,6
b33aa947-10e1-53b7-ad59-affc46fac901,Sociabiliteit,Hartelijkheid,5
b33aa947-10e1-53b7-ad59-affc46fac901,Sociabiliteit,Zorgzaamheid,6
b33aa947-10e1-53b7-ad59-affc46fac901,Gedrevenheid,Energie,3
b33aa947-10e1-53b7-ad59-affc46fac901,Gedrevenheid,Zelfontwikkeling,7
b33aa947-10e1-53b7-ad59-affc46fac901,Gedrevenheid,Volharding,6
b33aa947-10e1-53b7-ad59-affc46fac901,Gedrevenheid,Variatiebehoefte,4
b33aa947-10e1-53b7-ad59-affc46fac901,Gedrevenheid,Originaliteit,7
b33aa947-10e1-53b7-ad59-affc46fac901,Gedrevenheid,Onafhankelijkheid,7
b33aa947-10e1-53b7-ad59-affc46fac901,Structuur,Ordelijkheid,4
b33aa947-10e1-53b7-ad59-affc46fac901,Structuur,Nauwkeurigheid,2
b33aa947-10e1-53b7-ad59-affc46fac901,Structuur,Regelmaat,6
b33aa947-10e1-53b7-ad59-affc46fac901,Structuur,Conformisme,6
b33aa947-10e1-53b7-ad59-affc46fac901,Structuur,Weloverwogen,7
b33aa947-10e1-53b7-ad59-affc46fac901,Stabiliteit,Zelfvertrouwen,4
b33aa947-10e1-53b7-ad59-affc46fac901,Stabiliteit,Positivisme,8
b33aa947-10e1-53b7-ad59-affc46fac901,Stabiliteit,Frustratietolerantie,8
b33aa947-10e1-53b7-ad59-affc46fac901,Stabiliteit,Incasseringsvermogen,4
228c72c7-39f3-5090-883c-8e71882f4963,Invloed,Status,7
228c72c7-39f3-5090-883c-8e71882f4963,Invloed,Dominantie,5
228c72c7-39f3-5090-883c-8e71882f4963,Invloed,Competitie,9
228c72c7-39f3-5090-883c-8e71882f4963,Invloed,Zelfvertoon,5
228c72c7-39f3-5090-883c-8e71882f4963,Sociabiliteit,Contactbehoefte,3
228c72c7-39f3-5090-883c-8e71882f4963,Sociabiliteit,Sociaal Ontspannen,3
228c72c7-39f3-5090-883c-8e71882f4963,Sociabiliteit,Zelfonthulling,6
228c72c7-39f3-5090-883c-8e71882f4963,Sociabiliteit,Vertrouwen,7
228c72c7-39f3-5090-883c-8e71882f4963,Sociabiliteit,Hartelijkheid,3
228c72c7-39f3-5090-883c-8e71882f4963,Sociabiliteit,Zorgzaamheid,4
228c72c7-39f3-5090-883c-8e71882f4963,Gedrevenheid,Energie,5
228c72c7-39f3-5090-883c-8e71882f4963,Gedrevenheid,Zelfontwikkeling,5
228c72c7-39f3-5090-883c-8e71882f4963,Gedrevenheid,Volharding,5
228c72c7-39f3-5090-883c-8e71882f4963,Gedrevenheid,Variatiebehoefte,3
228c72c7-39f3-5090-883c-8e71882f4963,Gedrevenheid,Originaliteit,5
228c72c7-39f3-5090-883c-8e71882f4963,Gedrevenheid,Onafhankelijkheid,7
228c72c7-39f3-5090-883c-8e71882f4963,Structuur,Ordelijkheid,2
228c72c7-39f3-5090-883c-8e71882f4963,Structuur,Nauwkeurigheid,2
228c72c7-39f3-5090-883c-8e71882f4963,Structuur,Regelmaat,8
228c72c7-39f3-5090-883c-8e71882f4963,Structuur,Conformisme,6
228c72c7-39f3-5090-883c-8e71882f4963,Structuur,Weloverwogen,6
228c72c7-39f3-5090-883c-8e71882f4963,Stabiliteit,Zelfvertrouwen,7
228c72c7-39f3-5090-883c-8e71882f4963,Stabiliteit,Positivisme,5
228c72c7-39f3-5090-883c-8e71882f4963,Stabiliteit,Frustratietolerantie,6
228c72c7-39f3-5090-883c-8e71882f4963,Stabiliteit,Incasseringsvermogen,5
c636db50-3f4e-5aaa-a98b-965b132f4859,Invloed,Status,5
c636db50-3f4e-5aaa-a98b-965b132f4859,Invloed,Dominantie,6
c636db50-3f4e-5aaa-a98b-965b132f4859,Invloed,Competitie,6
c636db50-3f4e-5aaa-a98b-965b132f4859,Invloed,Zelfvertoon,4
c636db50-3f4e-5aaa-a98b-965b132f4859,Sociabiliteit,Contactbehoefte,6
c636db50-3f4e-5aaa-a98b-965b132f4859,Sociabiliteit,Sociaal Ontspannen,5
c636db50-3f4e-5aaa-a98b-965b132f4859,Sociabiliteit,Zelfonthulling,7
c636db50-3f4e-5aaa-a98b-965b132f4859,Sociabiliteit,Vertrouwen,8
c636db50-3f4e-5aaa-a98b-965b132f4859,Sociabiliteit,Hartelijkheid,4
c636db50-3f4e-5aaa-a98b-965b132f4859,Sociabiliteit,Zorgzaamheid,8
c636db50-3f4e-5aaa-a98b-965b132f4859,Gedrevenheid,Energie,7
c636db50-3f4e-5aaa-a98b-965b132f4859,Gedrevenheid,Zelfontwikkeling,7
c636db50-3f4e-5aaa-a98b-965b132f4859,Gedrevenheid,Volharding,7
c636db50-3f4e-5aaa-a98b-965b132f4859,Gedrevenheid,Variatiebehoefte,7
c636db50-3f4e-5aaa-a98b-965b132f4859,Gedrevenheid,Originaliteit,6
c636db50-3f4e-5aaa-a98b-965b132f4859,Gedrevenheid,Onafhankelijkheid,2
c636db50-3f4e-5aaa-a98b-965b132f4859,Structuur,Ordelijkheid,7
c636db50-3f4e-5aaa-a98b-965b132f4859,Structuur,Nauwkeurigheid,7
c636db50-3f4e-5aaa-a98b-965b132f4859,Structuur,Regelmaat,3
c636db50-3f4e-5aaa-a98b-965b132f4859,Structuur,Conformisme,6
c636db50-3f4e-5aaa-a98b-965b132f4859,Structuur,Weloverwogen,7
c636db50-3f4e-5aaa-a98b-965b132f4859,Stabiliteit,Zelfvertrouwen,4
c636db50-3f4e-5aaa-a98b-965b132f4859,Stabiliteit,Positivisme,4
c636db50-3f4e-5aaa-a98b-965b132f4859,Stabiliteit,Frustratietolerantie,5
c636db50-3f4e-5aaa-a98b-965b132f4859,Stabiliteit,Incasseringsvermogen,4
8de5b61e-d856-51b5-b6c9-5e9a07d70dcc,Invloed,Status,9
8de5b61e-d856-51b5-b6c9-5e9a07d70dcc,Invloed,Dominantie,6
8de5b61e-d856-51b5-b6c9-5e9a07d70dcc,Invloed,Competitie,8
8de5b61e-d856-51b5-b6c9-5e9a07d70dcc,Invloed,Zelfvertoon,6
8de5b61e-d856-51b5-b6c9-5e9a07d70dcc,Sociabiliteit,Contactbehoefte,6
8de5b61e-d856-51b5-b6c9-5e9a07d70dcc,Sociabiliteit,Sociaal Ontspannen,3
8de5b61e-d856-51b5-b6c9-5e9a07d70dcc,Sociabiliteit,Zelfonthulling,6
8de5b61e-d856-51b5-b6c9-5e9a07d70dcc,Sociabiliteit,Vertrouwen,2
8de5b61e-d856-51b5-b6c9-5e9a07d70dcc,Sociabiliteit,Hartelijkheid,6
8de5b61e-d856-51b5-b6c9-5e9a07d70dcc,Sociabiliteit,Zorgzaamheid,7
8de5b61e-d856-51b5-b6c9-5e9a07d70dcc,Gedrevenheid,Energie,6
8de5b61e-d856-51b5-b6c9-5e9a07d70dcc,Gedrevenheid,Zelfontwikkeling,8
8de5b61e-d856-51b5-b6c9-5e9a07d70dcc,Gedrevenheid,Volharding,6
8de5b61e-d856-51b5-b6c9-5e9a07d70dcc,Gedrevenheid,Variatiebehoefte,7
8de5b61e-d856-51b5-b6c9-5e9a07d70dcc,Gedrevenheid,Originaliteit,6
8de5b61e-d856-51b5-b6c9-5e9a07d70dcc,Gedrevenheid,Onafhankelijkheid,6
8de5b61e-d856-51b5-b6c9-5e9a07d70dcc,Structuur,Ordelijkheid,6
8de5b61e-d856-51b5-b6c9-5e9a07d70dcc,Structuur,Nauwkeurigheid,6
8de5b61e-d856-51b5-b6c9-5e9a07d70dcc,Structuur,Regelmaat,6
8de5b61e-d856-51b5-b6c9-5e9a07d70dcc,Structuur,Conformisme,6
8de5b61e-d856-51b5-b6c9-5e9a07d70dcc,Structuur,Weloverwogen,6
8de5b61e-d856-51b5-b6c9-5e9a07d70dcc,Stabiliteit,Zelfvertrouwen,4
8de5b61e-d856-51b5-b6c9-5e9a07d70dcc,Stabiliteit,Positivisme,4
8de5b61e-d856-51b5-b6c9-5e9a07d70dcc,Stabiliteit,Frustratietolerantie,5
8de5b61e-d856-51b5-b6c9-5e9a07d70dcc,Stabiliteit,Incasseringsvermogen,6
8783258b-64d3-5d41-92cf-08532d074f44,Invloed,Status,8
8783258b-64d3-5d41-92cf-08532d074f44,Invloed,Dominantie,7
8783258b-64d3-5d41-92cf-08532d074f44,Invloed,Competitie,7
8783258b-64d3-5d41-92cf-08532d074f44,Invloed,Zelfvertoon,6
8783258b-64d3-5d41-92cf-08532d074f44,Sociabiliteit,Contactbehoefte,7
8783258b-64d3-5d41-92cf-08532d074f44,Sociabiliteit,Sociaal Ontspannen,6
8783258b-64d3-5d41-92cf-08532d074f44,Sociabiliteit,Zelfonthulling,6
8783258b-64d3-5d41-92cf-08532d074f44,Sociabiliteit,Vertrouwen,8
8783258b-64d3-5d41-92cf-08532d074f44,Sociabiliteit,Hartelijkheid,7
8783258b-64d3-5d41-92cf-08532d074f44,Sociabiliteit,Zorgzaamheid,6
8783258b-64d3-5d41-92cf-08532d074f44,Gedrevenheid,Energie,7
8783258b-64d3-5d41-92cf-08532d074f44,Gedrevenheid,Zelfontwikkeling,8
8783258b-64d3-5d41-92cf-08532d074f44,Gedrevenheid,Volharding,8
8783258b-64d3-5d41-92cf-08532d074f44,Gedrevenheid,Variatiebehoefte,8
8783258b-64d3-5d41-92cf-08532d074f44,Gedrevenheid,Originaliteit,6
8783258b-64d3-5d41-92cf-08532d074f44,Gedrevenheid,Onafhankelijkheid,4
8783258b-64d3-5d41-92cf-08532d074f44,Structuur,Ordelijkheid,4
8783258b-64d3-5d41-92cf-08532d074f44,Structuur,Nauwkeurigheid,6
8783258b-64d3-5d41-92cf-08532d074f44,Structuur,Regelmaat,5
8783258b-64d3-5d41-92cf-08532d074f44,Structuur,Conformisme,8
8783258b-64d3-5d41-92cf-08532d074f44,Structuur,Weloverwogen,7
8783258b-64d3-5d41-92cf-08532d074f44,Stabiliteit,Zelfvertrouwen,7
8783258b-64d3-5d41-92cf-08532d074f44,Stabiliteit,Positivisme,9
8783258b-64d3-5d41-92cf-08532d074f44,Stabiliteit,Frustratietolerantie,6
8783258b-64d3-5d41-92cf-08532d074f44,Stabiliteit,Incasseringsvermogen,8
709c252c-5841-547c-bc0d-099fa1d0052b,Invloed,Status,6
709c252c-5841-547c-bc0d-099fa1d0052b,Invloed,Dominantie,4
709c252c-5841-547c-bc0d-099fa1d0052b,Invloed,Competitie,3
709c252c-5841-547c-bc0d-099fa1d0052b,Invloed,Zelfvertoon,2
709c252c-5841-547c-bc0d-099fa1d0052b,Sociabiliteit,Contactbehoefte,4
709c252c-5841-547c-bc0d-099fa1d0052b,Sociabiliteit,Sociaal Ontspannen,2
709c252c-5841-547c-bc0d-099fa1d0052b,Sociabiliteit,Zelfonthulling,3
709c252c-5841-547c-bc0d-099fa1d0052b,Sociabiliteit,Vertrouwen,9
709c252c-5841-547c-bc0d-099fa1d0052b,Sociabiliteit,Hartelijkheid,5
709c252c-5841-547c-bc0d-099fa1d0052b,Sociabiliteit,Zorgzaamheid,8
709c252c-5841-547c-bc0d-099fa1d0052b,Gedrevenheid,Energie,4
709c252c-5841-547c-bc0d-099fa1d0052b,Gedrevenheid,Zelfontwikkeling,8
709c252c-5841-547c-bc0d-099fa1d0052b,Gedrevenheid,Volharding,7
709c252c-5841-547c-bc0d-099fa1d0052b,Gedrevenheid,Variatiebehoefte,5
709c252c-5841-547c-bc0d-099fa1d0052b,Gedrevenheid,Originaliteit,5
709c252c-5841-547c-bc0d-099fa1d0052b,Gedrevenheid,Onafhankelijkheid,6
709c252c-5841-547c-bc0d-099fa1d0052b,Structuur,Ordelijkheid,4
709c252c-5841-547c-bc0d-099fa1d0052b,Structuur,Nauwkeurigheid,5
709c252c-5841-547c-bc0d-099fa1d0052b,Structuur,Regelmaat,6
709c252c-5841-547c-bc0d-099fa1d0052b,Structuur,Conformisme,9
709c252c-5841-547c-bc0d-099fa1d0052b,Structuur,Weloverwogen,7
709c252c-5841-547c-bc0d-099fa1d0052b,Stabiliteit,Zelfvertrouwen,5
709c252c-5841-547c-bc0d-099fa1d0052b,Stabiliteit,Positivisme,9
709c252c-5841-547c-bc0d-099fa1d0052b,Stabiliteit,Frustratietolerantie,10
709c252c-5841-547c-bc0d-099fa1d0052b,Stabiliteit,Incasseringsvermogen,9
6d5cecd8-e3c3-524b-88b3-ed62a8d52f88,Invloed,Status,5
6d5cecd8-e3c3-524b-88b3-ed62a8d52f88,Invloed,Dominantie,4
6d5cecd8-e3c3-524b-88b3-ed62a8d52f88,Invloed,Competitie,5
6d5cecd8-e3c3-524b-88b3-ed62a8d52f88,Invloed,Zelfvertoon,4
6d5cecd8-e3c3-524b-88b3-ed62a8d52f88,Sociabiliteit,Contactbehoefte,7
6d5cecd8-e3c3-524b-88b3-ed62a8d52f88,Sociabiliteit,Sociaal Ontspannen,6
6d5cecd8-e3c3-524b-88b3-ed62a8d52f88,Sociabiliteit,Zelfonthulling,6
6d5cecd8-e3c3-524b-88b3-ed62a8d52f88,Sociabiliteit,Vertrouwen,7
6d5cecd8-e3c3-524b-88b3-ed62a8d52f88,Sociabiliteit,Hartelijkheid,6
6d5cecd8-e3c3-524b-88b3-ed62a8d52f88,Sociabiliteit,Zorgzaamheid,8
6d5cecd8-e3c3-524b-88b3-ed62a8d52f88,Gedrevenheid,Energie,6
6d5cecd8-e3c3-524b-88b3-ed62a8d52f88,Gedrevenheid,Zelfontwikkeling,7
6d5cecd8-e3c3-524b-88b3-ed62a8d52f88,Gedrevenheid,Volharding,5
6d5cecd8-e3c3-524b-88b3-ed62a8d52f88,Gedrevenheid,Variatiebehoefte,8
6d5cecd8-e3c3-524b-88b3-ed62a8d52f88,Gedrevenheid,Originaliteit,6
6d5cecd8-e3c3-524b-88b3-ed62a8d52f88,Gedrevenheid,Onafhankelijkheid,4
6d5cecd8-e3c3-524b-88b3-ed62a8d52f88,Structuur,Ordelijkheid,5
6d5cecd8-e3c3-524b-88b3-ed62a8d52f88,Structuur,Nauwkeurigheid,4
6d5cecd8-e3c3-524b-88b3-ed62a8d52f88,Structuur,Regelmaat,3
6d5cecd8-e3c3-524b-88b3-ed62a8d52f88,Structuur,Conformisme,6
6d5cecd8-e3c3-524b-88b3-ed62a8d52f88,Structuur,Weloverwogen,7
6d5cecd8-e3c3-524b-88b3-ed62a8d52f88,Stabiliteit,Zelfvertrouwen,4
6d5cecd8-e3c3-524b-88b3-ed62a8d52f88,Stabiliteit,Positivisme,7
6d5cecd8-e3c3-524b-88b3-ed62a8d52f88,Stabiliteit,Frustratietolerantie,8
6d5cecd8-e3c3-524b-88b3-ed62a8d52f88,Stabiliteit,Incasseringsvermogen,6
283ab77f-98df-5946-aacd-c3bf20cc1bc4,Invloed,Status,3
283ab77f-98df-5946-aacd-c3bf20cc1bc4,Invloed,Dominantie,2
283ab77f-98df-5946-aacd-c3bf20cc1bc4,Invloed,Competitie,4
283ab77f-98df-5946-aacd-c3bf20cc1bc4,Invloed,Zelfvertoon,1
283ab77f-98df-5946-aacd-c3bf20cc1bc4,Sociabiliteit,Contactbehoefte,3
283ab77f-98df-5946-aacd-c3bf20cc1bc4,Sociabiliteit,Sociaal Ontspannen,1
283ab77f-98df-5946-aacd-c3bf20cc1bc4,Sociabiliteit,Zelfonthulling,6
283ab77f-98df-5946-aacd-c3bf20cc1bc4,Sociabiliteit,Vertrouwen,6
283ab77f-98df-5946-aacd-c3bf20cc1bc4,Sociabiliteit,Hartelijkheid,2
283ab77f-98df-5946-aacd-c3bf20cc1bc4,Sociabiliteit,Zorgzaamheid,5
283ab77f-98df-5946-aacd-c3bf20cc1bc4,Gedrevenheid,Energie,1
283ab77f-98df-5946-aacd-c3bf20cc1bc4,Gedrevenheid,Zelfontwikkeling,6
283ab77f-98df-5946-aacd-c3bf20cc1bc4,Gedrevenheid,Volharding,5
283ab77f-98df-5946-aacd-c3bf20cc1bc4,Gedrevenheid,Variatiebehoefte,3
283ab77f-98df-5946-aacd-c3bf20cc1bc4,Gedrevenheid,Originaliteit,5
283ab77f-98df-5946-aacd-c3bf20cc1bc4,Gedrevenheid,Onafhankelijkheid,5
283ab77f-98df-5946-aacd-c3bf20cc1bc4,Structuur,Ordelijkheid,3
283ab77f-98df-5946-aacd-c3bf20cc1bc4,Structuur,Nauwkeurigheid,7
283ab77f-98df-5946-aacd-c3bf20cc1bc4,Structuur,Regelmaat,7
283ab77f-98df-5946-aacd-c3bf20cc1bc4,Structuur,Conformisme,9
283ab77f-98df-5946-aacd-c3bf20cc1bc4,Structuur,Weloverwogen,9
283ab77f-98df-5946-aacd-c3bf20cc1bc4,Stabiliteit,Zelfvertrouwen,4
283ab77f-98df-5946-aacd-c3bf20cc1bc4,Stabiliteit,Positivisme,6
283ab77f-98df-5946-aacd-c3bf20cc1bc4,Stabiliteit,Frustratietolerantie,7
283ab77f-98df-5946-aacd-c3bf20cc1bc4,Stabiliteit,Incasseringsvermogen,5
3e44802d-3364-5f3a-af67-a038e335a656,Invloed,Status,7
3e44802d-3364-5f3a-af67-a038e335a656,Invloed,Dominantie,4
3e44802d-3364-5f3a-af67-a038e335a656,Invloed,Competitie,9
3e44802d-3364-5f3a-af67-a038e335a656,Invloed,Zelfvertoon,5
3e44802d-3364-5f3a-af67-a038e335a656,Sociabiliteit,Contactbehoefte,5
3e44802d-3364-5f3a-af67-a038e335a656,Sociabiliteit,Sociaal Ontspannen,3
3e44802d-3364-5f3a-af67-a038e335a656,Sociabiliteit,Zelfonthulling,5
3e44802d-3364-5f3a-af67-a038e335a656,Sociabiliteit,Vertrouwen,5
3e44802d-3364-5f3a-af67-a038e335a656,Sociabiliteit,Hartelijkheid,2
3e44802d-3364-5f3a-af67-a038e335a656,Sociabiliteit,Zorgzaamheid,4
3e44802d-3364-5f3a-af67-a038e335a656,Gedrevenheid,Energie,2
3e44802d-3364-5f3a-af67-a038e335a656,Gedrevenheid,Zelfontwikkeling,6
3e44802d-3364-5f3a-af67-a038e335a656,Gedrevenheid,Volharding,3
3e44802d-3364-5f3a-af67-a038e335a656,Gedrevenheid,Variatiebehoefte,4
3e44802d-3364-5f3a-af67-a038e335a656,Gedrevenheid,Originaliteit,5
3e44802d-3364-5f3a-af67-a038e335a656,Gedrevenheid,Onafhankelijkheid,7
3e44802d-3364-5f3a-af67-a038e335a656,Structuur,Ordelijkheid,1
3e44802d-3364-5f3a-af67-a038e335a656,Structuur,Nauwkeurigheid,5
3e44802d-3364-5f3a-af67-a038e335a656,Structuur,Regelmaat,7
3e44802d-3364-5f3a-af67-a038e335a656,Structuur,Conformisme,2
3e44802d-3364-5f3a-af67-a038e335a656,Structuur,Weloverwogen,6
3e44802d-3364-5f3a-af67-a038e335a656,Stabiliteit,Zelfvertrouwen,2
3e44802d-3364-5f3a-af67-a038e335a656,Stabiliteit,Positivisme,4
3e44802d-3364-5f3a-af67-a038e335a656,Stabiliteit,Frustratietolerantie,3
3e44802d-3364-5f3a-af67-a038e335a656,Stabiliteit,Incasseringsvermogen,3
645025be-9089-5afa-a2e1-5b77a6593f13,Invloed,Status,6
645025be-9089-5afa-a2e1-5b77a6593f13,Invloed,Dominantie,5
645025be-9089-5afa-a2e1-5b77a6593f13,Invloed,Competitie,5
645025be-9089-5afa-a2e1-5b77a6593f13,Invloed,Zelfvertoon,5
645025be-9089-5afa-a2e1-5b77a6593f13,Sociabiliteit,Contactbehoefte,4
645025be-9089-5afa-a2e1-5b77a6593f13,Sociabiliteit,Sociaal Ontspannen,5
645025be-9089-5afa-a2e1-5b77a6593f13,Sociabiliteit,Zelfonthulling,6
645025be-9089-5afa-a2e1-5b77a6593f13,Sociabiliteit,Vertrouwen,4
645025be-9089-5afa-a2e1-5b77a6593f13,Sociabiliteit,Hartelijkheid,3
645025be-9089-5afa-a2e1-5b77a6593f13,Sociabiliteit,Zorgzaamheid,4
645025be-9089-5afa-a2e1-5b77a6593f13,Gedrevenheid,Energie,3
645025be-9089-5afa-a2e1-5b77a6593f13,Gedrevenheid,Zelfontwikkeling,5
645025be-9089-5afa-a2e1-5b77a6593f13,Gedrevenheid,Volharding,6
645025be-9089-5afa-a2e1-5b77a6593f13,Gedrevenheid,Variatiebehoefte,4
645025be-9089-5afa-a2e1-5b77a6593f13,Gedrevenheid,Originaliteit,6
645025be-9089-5afa-a2e1-5b77a6593f13,Gedrevenheid,Onafhankelijkheid,7
645025be-9089-5afa-a2e1-5b77a6593f13,Structuur,Ordelijkheid,5
645025be-9089-5afa-a2e1-5b77a6593f13,Structuur,Nauwkeurigheid,6
645025be-9089-5afa-a2e1-5b77a6593f13,Structuur,Regelmaat,5
645025be-9089-5afa-a2e1-5b77a6593f13,Structuur,Conformisme,3
645025be-9089-5afa-a2e1-5b77a6593f13,Structuur,Weloverwogen,8
645025be-9089-5afa-a2e1-5b77a6593f13,Stabiliteit,Zelfvertrouwen,7
645025be-9089-5afa-a2e1-5b77a6593f13,Stabiliteit,Positivisme,3
645025be-9089-5afa-a2e1-5b77a6593f13,Stabiliteit,Frustratietolerantie,4
645025be-9089-5afa-a2e1-5b77a6593f13,Stabiliteit,Incasseringsvermogen,6
04e108ed-dcea-5f17-871c-7e7d9901a5ec,Invloed,Status,5
04e108ed-dcea-5f17-871c-7e7d9901a5ec,Invloed,Dominantie,4
04e108ed-dcea-5f17-871c-7e7d9901a5ec,Invloed,Competitie,7
04e108ed-dcea-5f17-871c-7e7d9901a5ec,Invloed,Zelfvertoon,5
04e108ed-dcea-5f17-871c-7e7d9901a5ec,Sociabiliteit,Contactbehoefte,5
04e108ed-dcea-5f17-871c-7e7d9901a5ec,Sociabiliteit,Sociaal Ontspannen,4
04e108ed-dcea-5f17-871c-7e7d9901a5ec,Sociabiliteit,Zelfonthulling,5
04e108ed-dcea-5f17-871c-7e7d9901a5ec,Sociabiliteit,Vertrouwen,8
04e108ed-dcea-5f17-871c-7e7d9901a5ec,Sociabiliteit,Hartelijkheid,4
04e108ed-dcea-5f17-871c-7e7d9901a5ec,Sociabiliteit,Zorgzaamheid,4
04e108ed-dcea-5f17-871c-7e7d9901a5ec,Gedrevenheid,Energie,5
04e108ed-dcea-5f17-871c-7e7d9901a5ec,Gedrevenheid,Zelfontwikkeling,7
04e108ed-dcea-5f17-871c-7e7d9901a5ec,Gedrevenheid,Volharding,5
04e108ed-dcea-5f17-871c-7e7d9901a5ec,Gedrevenheid,Variatiebehoefte,7
04e108ed-dcea-5f17-871c-7e7d9901a5ec,Gedrevenheid,Originaliteit,7
04e108ed-dcea-5f17-871c-7e7d9901a5ec,Gedrevenheid,Onafhankelijkheid,5
04e108ed-dcea-5f17-871c-7e7d9901a5ec,Structuur,Ordelijkheid,4
04e108ed-dcea-5f17-871c-7e7d9901a5ec,Structuur,Nauwkeurigheid,6
04e108ed-dcea-5f17-871c-7e7d9901a5ec,Structuur,Regelmaat,3
04e108ed-dcea-5f17-871c-7e7d9901a5ec,Structuur,Conformisme,4
04e108ed-dcea-5f17-871c-7e7d9901a5ec,Structuur,Weloverwogen,6
04e108ed-dcea-5f17-871c-7e7d9901a5ec,Stabiliteit,Zelfvertrouwen,4
04e108ed-dcea-5f17-871c-7e7d9901a5ec,Stabiliteit,Positivisme,5
04e108ed-dcea-5f17-871c-7e7d9901a5ec,Stabiliteit,Frustratietolerantie,6
04e108ed-dcea-5f17-871c-7e7d9901a5ec,Stabiliteit,Incasseringsvermogen,4
980717fa-cb0e-5995-a07f-d7eabf81f302,Invloed,Status,5
980717fa-cb0e-5995-a07f-d7eabf81f302,Invloed,Dominantie,2
980717fa-cb0e-5995-a07f-d7eabf81f302,Invloed,Competitie,5
980717fa-cb0e-5995-a07f-d7eabf81f302,Invloed,Zelfvertoon,2
980717fa-cb0e-5995-a07f-d7eabf81f302,Sociabiliteit,Contactbehoefte,4
980717fa-cb0e-5995-a07f-d7eabf81f302,Sociabiliteit,Sociaal Ontspannen,3
980717fa-cb0e-5995-a07f-d7eabf81f302,Sociabiliteit,Zelfonthulling,6
980717fa-cb0e-5995-a07f-d7eabf81f302,Sociabiliteit,Vertrouwen,3
980717fa-cb0e-5995-a07f-d7eabf81f302,Sociabiliteit,Hartelijkheid,3
980717fa-cb0e-5995-a07f-d7eabf81f302,Sociabiliteit,Zorgzaamheid,5
980717fa-cb0e-5995-a07f-d7eabf81f302,Gedrevenheid,Energie,4
980717fa-cb0e-5995-a07f-d7eabf81f302,Gedrevenheid,Zelfontwikkeling,6
980717fa-cb0e-5995-a07f-d7eabf81f302,Gedrevenheid,Volharding,5
980717fa-cb0e-5995-a07f-d7eabf81f302,Gedrevenheid,Variatiebehoefte,4
980717fa-cb0e-5995-a07f-d7eabf81f302,Gedrevenheid,Originaliteit,5
980717fa-cb0e-5995-a07f-d7eabf81f302,Gedrevenheid,Onafhankelijkheid,7
980717fa-cb0e-5995-a07f-d7eabf81f302,Structuur,Ordelijkheid,7
980717fa-cb0e-5995-a07f-d7eabf81f302,Structuur,Nauwkeurigheid,8
980717fa-cb0e-5995-a07f-d7eabf81f302,Structuur,Regelmaat,5
980717fa-cb0e-5995-a07f-d7eabf81f302,Structuur,Conformisme,4
980717fa-cb0e-5995-a07f-d7eabf81f302,Structuur,Weloverwogen,9
980717fa-cb0e-5995-a07f-d7eabf81f302,Stabiliteit,Zelfvertrouwen,2
980717fa-cb0e-5995-a07f-d7eabf81f302,Stabiliteit,Positivisme,5
980717fa-cb0e-5995-a07f-d7eabf81f302,Stabiliteit,Frustratietolerantie,5
980717fa-cb0e-5995-a07f-d7eabf81f302,Stabiliteit,Incasseringsvermogen,3
5e3ed26e-b8d0-53f5-be5a-38296109877d,Invloed,Status,3
5e3ed26e-b8d0-53f5-be5a-38296109877d,Invloed,Dominantie,5
5e3ed26e-b8d0-53f5-be5a-38296109877d,Invloed,Competitie,7
5e3ed26e-b8d0-53f5-be5a-38296109877d,Invloed,Zelfvertoon,6
5e3ed26e-b8d0-53f5-be5a-38296109877d,Sociabiliteit,Contactbehoefte,5
5e3ed26e-b8d0-53f5-be5a-38296109877d,Sociabiliteit,Sociaal Ontspannen,7
5e3ed26e-b8d0-53f5-be5a-38296109877d,Sociabiliteit,Zelfonthulling,6
5e3ed26e-b8d0-53f5-be5a-38296109877d,Sociabiliteit,Vertrouwen,8
5e3ed26e-b8d0-53f5-be5a-38296109877d,Sociabiliteit,Hartelijkheid,7
5e3ed26e-b8d0-53f5-be5a-38296109877d,Sociabiliteit,Zorgzaamheid,6
5e3ed26e-b8d0-53f5-be5a-38296109877d,Gedrevenheid,Energie,7
5e3ed26e-b8d0-53f5-be5a-38296109877d,Gedrevenheid,Zelfontwikkeling,7
5e3ed26e-b8d0-53f5-be5a-38296109877d,Gedrevenheid,Volharding,7
5e3ed26e-b8d0-53f5-be5a-38296109877d,Gedrevenheid,Variatiebehoefte,6
5e3ed26e-b8d0-53f5-be5a-38296109877d,Gedrevenheid,Originaliteit,6
5e3ed26e-b8d0-53f5-be5a-38296109877d,Gedrevenheid,Onafhankelijkheid,6
5e3ed26e-b8d0-53f5-be5a-38296109877d,Structuur,Ordelijkheid,5
5e3ed26e-b8d0-53f5-be5a-38296109877d,Structuur,Nauwkeurigheid,6
5e3ed26e-b8d0-53f5-be5a-38296109877d,Structuur,Regelmaat,6
5e3ed26e-b8d0-53f5-be5a-38296109877d,Structuur,Conformisme,6
5e3ed26e-b8d0-53f5-be5a-38296109877d,Structuur,Weloverwogen,6
5e3ed26e-b8d0-53f5-be5a-38296109877d,Stabiliteit,Zelfvertrouwen,5
5e3ed26e-b8d0-53f5-be5a-38296109877d,Stabiliteit,Positivisme,7
5e3ed26e-b8d0-53f5-be5a-38296109877d,Stabiliteit,Frustratietolerantie,6
5e3ed26e-b8d0-53f5-be5a-38296109877d,Stabiliteit,Incasseringsvermogen,6
740200fb-ceec-58a1-a4da-f24c997943de,Invloed,Status,7
740200fb-ceec-58a1-a4da-f24c997943de,Invloed,Dominantie,4
740200fb-ceec-58a1-a4da-f24c997943de,Invloed,Competitie,5
740200fb-ceec-58a1-a4da-f24c997943de,Invloed,Zelfvertoon,5
740200fb-ceec-58a1-a4da-f24c997943de,Sociabiliteit,Contactbehoefte,6
740200fb-ceec-58a1-a4da-f24c997943de,Sociabiliteit,Sociaal Ontspannen,5
740200fb-ceec-58a1-a4da-f24c997943de,Sociabiliteit,Zelfonthulling,8
740200fb-ceec-58a1-a4da-f24c997943de,Sociabiliteit,Vertrouwen,6
740200fb-ceec-58a1-a4da-f24c997943de,Sociabiliteit,Hartelijkheid,5
740200fb-ceec-58a1-a4da-f24c997943de,Sociabiliteit,Zorgzaamheid,7
740200fb-ceec-58a1-a4da-f24c997943de,Gedrevenheid,Energie,4
740200fb-ceec-58a1-a4da-f24c997943de,Gedrevenheid,Zelfontwikkeling,7
740200fb-ceec-58a1-a4da-f24c997943de,Gedrevenheid,Volharding,5
740200fb-ceec-58a1-a4da-f24c997943de,Gedrevenheid,Variatiebehoefte,4
740200fb-ceec-58a1-a4da-f24c997943de,Gedrevenheid,Originaliteit,4
740200fb-ceec-58a1-a4da-f24c997943de,Gedrevenheid,Onafhankelijkheid,3
740200fb-ceec-58a1-a4da-f24c997943de,Structuur,Ordelijkheid,5
740200fb-ceec-58a1-a4da-f24c997943de,Structuur,Nauwkeurigheid,5
740200fb-ceec-58a1-a4da-f24c997943de,Structuur,Regelmaat,5
740200fb-ceec-58a1-a4da-f24c997943de,Structuur,Conformisme,7
740200fb-ceec-58a1-a4da-f24c997943de,Structuur,Weloverwogen,9
740200fb-ceec-58a1-a4da-f24c997943de,Stabiliteit,Zelfvertrouwen,5
740200fb-ceec-58a1-a4da-f24c997943de,Stabiliteit,Positivisme,5
740200fb-ceec-58a1-a4da-f24c997943de,Stabiliteit,Frustratietolerantie,6
740200fb-ceec-58a1-a4da-f24c997943de,Stabiliteit,Incasseringsvermogen,5
d73cd100-0c15-518b-874f-03a8811ebd04,Invloed,Status,1
d73cd100-0c15-518b-874f-03a8811ebd04,Invloed,Dominantie,7
d73cd100-0c15-518b-874f-03a8811ebd04,Invloed,Competitie,1
d73cd100-0c15-518b-874f-03a8811ebd04,Invloed,Zelfvertoon,5
d73cd100-0c15-518b-874f-03a8811ebd04,Sociabiliteit,Contactbehoefte,6
d73cd100-0c15-518b-874f-03a8811ebd04,Sociabiliteit,Sociaal Ontspannen,4
d73cd100-0c15-518b-874f-03a8811ebd04,Sociabiliteit,Zelfonthulling,9
d73cd100-0c15-518b-874f-03a8811ebd04,Sociabiliteit,Vertrouwen,10
d73cd100-0c15-518b-874f-03a8811ebd04,Sociabiliteit,Hartelijkheid,6
d73cd100-0c15-518b-874f-03a8811ebd04,Sociabiliteit,Zorgzaamheid,9
d73cd100-0c15-518b-874f-03a8811ebd04,Gedrevenheid,Energie,5
d73cd100-0c15-518b-874f-03a8811ebd04,Gedrevenheid,Zelfontwikkeling,7
d73cd100-0c15-518b-874f-03a8811ebd04,Gedrevenheid,Volharding,7
d73cd100-0c15-518b-874f-03a8811ebd04,Gedrevenheid,Variatiebehoefte,7
d73cd100-0c15-518b-874f-03a8811ebd04,Gedrevenheid,Originaliteit,8
d73cd100-0c15-518b-874f-03a8811ebd04,Gedrevenheid,Onafhankelijkheid,6
d73cd100-0c15-518b-874f-03a8811ebd04,Structuur,Ordelijkheid,5
d73cd100-0c15-518b-874f-03a8811ebd04,Structuur,Nauwkeurigheid,5
d73cd100-0c15-518b-874f-03a8811ebd04,Structuur,Regelmaat,8
d73cd100-0c15-518b-874f-03a8811ebd04,Structuur,Conformisme,8
d73cd100-0c15-518b-874f-03a8811ebd04,Structuur,Weloverwogen,7
d73cd100-0c15-518b-874f-03a8811ebd04,Stabiliteit,Zelfvertrouwen,5
d73cd100-0c15-518b-874f-03a8811ebd04,Stabiliteit,Positivisme,8
d73cd100-0c15-518b-874f-03a8811ebd04,Stabiliteit,Frustratietolerantie,6
d73cd100-0c15-518b-874f-03a8811ebd04,Stabiliteit,Incasseringsvermogen,9
7080eb17-4d6c-516c-9cb2-70c2cfb220e8,Invloed,Status,5
7080eb17-4d6c-516c-9cb2-70c2cfb220e8,Invloed,Dominantie,2
7080eb17-4d6c-516c-9cb2-70c2cfb220e8,Invloed,Competitie,8
7080eb17-4d6c-516c-9cb2-70c2cfb220e8,Invloed,Zelfvertoon,3
7080eb17-4d6c-516c-9cb2-70c2cfb220e8,Sociabiliteit,Contactbehoefte,2
7080eb17-4d6c-516c-9cb2-70c2cfb220e8,Sociabiliteit,Sociaal Ontspannen,3
7080eb17-4d6c-516c-9cb2-70c2cfb220e8,Sociabiliteit,Zelfonthulling,4
7080eb17-4d6c-516c-9cb2-70c2cfb220e8,Sociabiliteit,Vertrouwen,3
7080eb17-4d6c-516c-9cb2-70c2cfb220e8,Sociabiliteit,Hartelijkheid,3
7080eb17-4d6c-516c-9cb2-70c2cfb220e8,Sociabiliteit,Zorgzaamheid,5
7080eb17-4d6c-516c-9cb2-70c2cfb220e8,Gedrevenheid,Energie,4
7080eb17-4d6c-516c-9cb2-70c2cfb220e8,Gedrevenheid,Zelfontwikkeling,6
7080eb17-4d6c-516c-9cb2-70c2cfb220e8,Gedrevenheid,Volharding,5
7080eb17-4d6c-516c-9cb2-70c2cfb220e8,Gedrevenheid,Variatiebehoefte,3
7080eb17-4d6c-516c-9cb2-70c2cfb220e8,Gedrevenheid,Originaliteit,5
7080eb17-4d6c-516c-9cb2-70c2cfb220e8,Gedrevenheid,Onafhankelijkheid,6
7080eb17-4d6c-516c-9cb2-70c2cfb220e8,Structuur,Ordelijkheid,8
7080eb17-4d6c-516c-9cb2-70c2cfb220e8,Structuur,Nauwkeurigheid,8
7080eb17-4d6c-516c-9cb2-70c2cfb220e8,Structuur,Regelmaat,8
7080eb17-4d6c-516c-9cb2-70c2cfb220e8,Structuur,Conformisme,7
7080eb17-4d6c-516c-9cb2-70c2cfb220e8,Structuur,Weloverwogen,8
7080eb17-4d6c-516c-9cb2-70c2cfb220e8,Stabiliteit,Zelfvertrouwen,3
7080eb17-4d6c-516c-9cb2-70c2cfb220e8,Stabiliteit,Positivisme,5
7080eb17-4d6c-516c-9cb2-70c2cfb220e8,Stabiliteit,Frustratietolerantie,6
7080eb17-4d6c-516c-9cb2-70c2cfb220e8,Stabiliteit,Incasseringsvermogen,4
10aff0a6-3e67-53d9-9ac4-3224643e0d22,Invloed,Status,6
10aff0a6-3e67-53d9-9ac4-3224643e0d22,Invloed,Dominantie,4
10aff0a6-3e67-53d9-9ac4-3224643e0d22,Invloed,Competitie,5
10aff0a6-3e67-53d9-9ac4-3224643e0d22,Invloed,Zelfvertoon,3
10aff0a6-3e67-53d9-9ac4-3224643e0d22,Sociabiliteit,Contactbehoefte,6
10aff0a6-3e67-53d9-9ac4-3224643e0d22,Sociabiliteit,Sociaal Ontspannen,5
10aff0a6-3e67-53d9-9ac4-3224643e0d22,Sociabiliteit,Zelfonthulling,7
10aff0a6-3e67-53d9-9ac4-3224643e0d22,Sociabiliteit,Vertrouwen,6
10aff0a6-3e67-53d9-9ac4-3224643e0d22,Sociabiliteit,Hartelijkheid,5
10aff0a6-3e67-53d9-9ac4-3224643e0d22,Sociabiliteit,Zorgzaamheid,6
10aff0a6-3e67-53d9-9ac4-3224643e0d22,Gedrevenheid,Energie,5
10aff0a6-3e67-53d9-9ac4-3224643e0d22,Gedrevenheid,Zelfontwikkeling,7
10aff0a6-3e67-53d9-9ac4-3224643e0d22,Gedrevenheid,Volharding,5
10aff0a6-3e67-53d9-9ac4-3224643e0d22,Gedrevenheid,Variatiebehoefte,6
10aff0a6-3e67-53d9-9ac4-3224643e0d22,Gedrevenheid,Originaliteit,6
10aff0a6-3e67-53d9-9ac4-3224643e0d22,Gedrevenheid,Onafhankelijkheid,5
10aff0a6-3e67-53d9-9ac4-3224643e0d22,Structuur,Ordelijkheid,7
10aff0a6-3e67-53d9-9ac4-3224643e0d22,Structuur,Nauwkeurigheid,5
10aff0a6-3e67-53d9-9ac4-3224643e0d22,Structuur,Regelmaat,6
10aff0a6-3e67-53d9-9ac4-3224643e0d22,Structuur,Conformisme,6
10aff0a6-3e67-53d9-9ac4-3224643e0d22,Structuur,Weloverwogen,6
10aff0a6-3e67-53d9-9ac4-3224643e0d22,Stabiliteit,Zelfvertrouwen,5
10aff0a6-3e67-53d9-9ac4-3224643e0d22,Stabiliteit,Positivisme,5
10aff0a6-3e67-53d9-9ac4-3224643e0d22,Stabiliteit,Frustratietolerantie,5
10aff0a6-3e67-53d9-9ac4-3224643e0d22,Stabiliteit,Incasseringsvermogen,4
0b987c95-d61b-5d7f-925c-9c894e0937ce,Invloed,Status,4
0b987c95-d61b-5d7f-925c-9c894e0937ce,Invloed,Dominantie,3
0b987c95-d61b-5d7f-925c-9c894e0937ce,Invloed,Competitie,3
0b987c95-d61b-5d7f-925c-9c894e0937ce,Invloed,Zelfvertoon,4
0b987c95-d61b-5d7f-925c-9c894e0937ce,Sociabiliteit,Contactbehoefte,6
0b987c95-d61b-5d7f-925c-9c894e0937ce,Sociabiliteit,Sociaal Ontspannen,6
0b987c95-d61b-5d7f-925c-9c894e0937ce,Sociabiliteit,Zelfonthulling,6
0b987c95-d61b-5d7f-925c-9c894e0937ce,Sociabiliteit,Vertrouwen,8
0b987c95-d61b-5d7f-925c-9c894e0937ce,Sociabiliteit,Hartelijkheid,7
0b987c95-d61b-5d7f-925c-9c894e0937ce,Sociabiliteit,Zorgzaamheid,5
0b987c95-d61b-5d7f-925c-9c894e0937ce,Gedrevenheid,Energie,7
0b987c95-d61b-5d7f-925c-9c894e0937ce,Gedrevenheid,Zelfontwikkeling,7
0b987c95-d61b-5d7f-925c-9c894e0937ce,Gedrevenheid,Volharding,8
0b987c95-d61b-5d7f-925c-9c894e0937ce,Gedrevenheid,Variatiebehoefte,6
0b987c95-d61b-5d7f-925c-9c894e0937ce,Gedrevenheid,Originaliteit,6
0b987c95-d61b-5d7f-925c-9c894e0937ce,Gedrevenheid,Onafhankelijkheid,6
0b987c95-d61b-5d7f-925c-9c894e0937ce,Structuur,Ordelijkheid,5
0b987c95-d61b-5d7f-925c-9c894e0937ce,Structuur,Nauwkeurigheid,8
0b987c95-d61b-5d7f-925c-9c894e0937ce,Structuur,Regelmaat,7
0b987c95-d61b-5d7f-925c-9c894e0937ce,Structuur,Conformisme,7
0b987c95-d61b-5d7f-925c-9c894e0937ce,Structuur,Weloverwogen,7
0b987c95-d61b-5d7f-925c-9c894e0937ce,Stabiliteit,Zelfvertrouwen,6
0b987c95-d61b-5d7f-925c-9c894e0937ce,Stabiliteit,Positivisme,8
0b987c95-d61b-5d7f-925c-9c894e0937ce,Stabiliteit,Frustratietolerantie,8
0b987c95-d61b-5d7f-925c-9c894e0937ce,Stabiliteit,Incasseringsvermogen,6
61369f33-c11d-5d29-80ed-d751b8246cd1,Invloed,Status,7
61369f33-c11d-5d29-80ed-d751b8246cd1,Invloed,Dominantie,5
61369f33-c11d-5d29-80ed-d751b8246cd1,Invloed,Competitie,8
61369f33-c11d-5d29-80ed-d751b8246cd1,Invloed,Zelfvertoon,5
61369f33-c11d-5d29-80ed-d751b8246cd1,Sociabiliteit,Contactbehoefte,5
61369f33-c11d-5d29-80ed-d751b8246cd1,Sociabiliteit,Sociaal Ontspannen,6
61369f33-c11d-5d29-80ed-d751b8246cd1,Sociabiliteit,Zelfonthulling,5
61369f33-c11d-5d29-80ed-d751b8246cd1,Sociabiliteit,Vertrouwen,2
61369f33-c11d-5d29-80ed-d751b8246cd1,Sociabiliteit,Hartelijkheid,6
61369f33-c11d-5d29-80ed-d751b8246cd1,Sociabiliteit,Zorgzaamheid,7
61369f33-c11d-5d29-80ed-d751b8246cd1,Gedrevenheid,Energie,8
61369f33-c11d-5d29-80ed-d751b8246cd1,Gedrevenheid,Zelfontwikkeling,9
61369f33-c11d-5d29-80ed-d751b8246cd1,Gedrevenheid,Volharding,9
61369f33-c11d-5d29-80ed-d751b8246cd1,Gedrevenheid,Variatiebehoefte,7
61369f33-c11d-5d29-80ed-d751b8246cd1,Gedrevenheid,Originaliteit,6
61369f33-c11d-5d29-80ed-d751b8246cd1,Gedrevenheid,Onafhankelijkheid,6
61369f33-c11d-5d29-80ed-d751b8246cd1,Structuur,Ordelijkheid,9
61369f33-c11d-5d29-80ed-d751b8246cd1,Structuur,Nauwkeurigheid,7
61369f33-c11d-5d29-80ed-d751b8246cd1,Structuur,Regelmaat,6
61369f33-c11d-5d29-80ed-d751b8246cd1,Structuur,Conformisme,6
61369f33-c11d-5d29-80ed-d751b8246cd1,Structuur,Weloverwogen,10
61369f33-c11d-5d29-80ed-d751b8246cd1,Stabiliteit,Zelfvertrouwen,6
61369f33-c11d-5d29-80ed-d751b8246cd1,Stabiliteit,Positivisme,7
61369f33-c11d-5d29-80ed-d751b8246cd1,Stabiliteit,Frustratietolerantie,9
61369f33-c11d-5d29-80ed-d751b8246cd1,Stabiliteit,Incasseringsvermogen,6
c22e1828-5784-556c-a41b-541e88bbe819,Invloed,Status,5
c22e1828-5784-556c-a41b-541e88bbe819,Invloed,Dominantie,5
c22e1828-5784-556c-a41b-541e88bbe819,Invloed,Competitie,7
c22e1828-5784-556c-a41b-541e88bbe819,Invloed,Zelfvertoon,5
c22e1828-5784-556c-a41b-541e88bbe819,Sociabiliteit,Contactbehoefte,5
c22e1828-5784-556c-a41b-541e88bbe819,Sociabiliteit,Sociaal Ontspannen,4
c22e1828-5784-556c-a41b-541e88bbe819,Sociabiliteit,Zelfonthulling,10
c22e1828-5784-556c-a41b-541e88bbe819,Sociabiliteit,Vertrouwen,10
c22e1828-5784-556c-a41b-541e88bbe819,Sociabiliteit,Hartelijkheid,6
c22e1828-5784-556c-a41b-541e88bbe819,Sociabiliteit,Zorgzaamheid,8
c22e1828-5784-556c-a41b-541e88bbe819,Gedrevenheid,Energie,5
c22e1828-5784-556c-a41b-541e88bbe819,Gedrevenheid,Zelfontwikkeling,8
c22e1828-5784-556c-a41b-541e88bbe819,Gedrevenheid,Volharding,8
c22e1828-5784-556c-a41b-541e88bbe819,Gedrevenheid,Variatiebehoefte,7
c22e1828-5784-556c-a41b-541e88bbe819,Gedrevenheid,Originaliteit,4
c22e1828-5784-556c-a41b-541e88bbe819,Gedrevenheid,Onafhankelijkheid,4
c22e1828-5784-556c-a41b-541e88bbe819,Structuur,Ordelijkheid,5
c22e1828-5784-556c-a41b-541e88bbe819,Structuur,Nauwkeurigheid,8
c22e1828-5784-556c-a41b-541e88bbe819,Structuur,Regelmaat,3
c22e1828-5784-556c-a41b-541e88bbe819,Structuur,Conformisme,9
c22e1828-5784-556c-a41b-541e88bbe819,Structuur,Weloverwogen,6
c22e1828-5784-556c-a41b-541e88bbe819,Stabiliteit,Zelfvertrouwen,6
c22e1828-5784-556c-a41b-541e88bbe819,Stabiliteit,Positivisme,9
c22e1828-5784-556c-a41b-541e88bbe819,Stabiliteit,Frustratietolerantie,7
c22e1828-5784-556c-a41b-541e88bbe819,Stabiliteit,Incasseringsvermogen,5
6f169b8a-96c4-5c9c-8228-4bd081defe41,Invloed,Status,7
6f169b8a-96c4-5c9c-8228-4bd081defe41,Invloed,Dominantie,7
6f169b8a-96c4-5c9c-8228-4bd081defe41,Invloed,Competitie,7
6f169b8a-96c4-5c9c-8228-4bd081defe41,Invloed,Zelfvertoon,6
6f169b8a-96c4-5c9c-8228-4bd081defe41,Sociabiliteit,Contactbehoefte,7
6f169b8a-96c4-5c9c-8228-4bd081defe41,Sociabiliteit,Sociaal Ontspannen,5
6f169b8a-96c4-5c9c-8228-4bd081defe41,Sociabiliteit,Zelfonthulling,6
6f169b8a-96c4-5c9c-8228-4bd081defe41,Sociabiliteit,Vertrouwen,4
6f169b8a-96c4-5c9c-8228-4bd081defe41,Sociabiliteit,Hartelijkheid,7
6f169b8a-96c4-5c9c-8228-4bd081defe41,Sociabiliteit,Zorgzaamheid,8
6f169b8a-96c4-5c9c-8228-4bd081defe41,Gedrevenheid,Energie,6
6f169b8a-96c4-5c9c-8228-4bd081defe41,Gedrevenheid,Zelfontwikkeling,6
6f169b8a-96c4-5c9c-8228-4bd081defe41,Gedrevenheid,Volharding,8
6f169b8a-96c4-5c9c-8228-4bd081defe41,Gedrevenheid,Variatiebehoefte,7
6f169b8a-96c4-5c9c-8228-4bd081defe41,Gedrevenheid,Originaliteit,6
6f169b8a-96c4-5c9c-8228-4bd081defe41,Gedrevenheid,Onafhankelijkheid,7
6f169b8a-96c4-5c9c-8228-4bd081defe41,Structuur,Ordelijkheid,8
6f169b8a-96c4-5c9c-8228-4bd081defe41,Structuur,Nauwkeurigheid,8
6f169b8a-96c4-5c9c-8228-4bd081defe41,Structuur,Regelmaat,6
6f169b8a-96c4-5c9c-8228-4bd081defe41,Structuur,Conformisme,7
6f169b8a-96c4-5c9c-8228-4bd081defe41,Structuur,Weloverwogen,9
6f169b8a-96c4-5c9c-8228-4bd081defe41,Stabiliteit,Zelfvertrouwen,7
6f169b8a-96c4-5c9c-8228-4bd081defe41,Stabiliteit,Positivisme,7
6f169b8a-96c4-5c9c-8228-4bd081defe41,Stabiliteit,Frustratietolerantie,8
6f169b8a-96c4-5c9c-8228-4bd081defe41,Stabiliteit,Incasseringsvermogen,7
0ac45ebf-abaf-52c1-904e-73f962af3ef0,Invloed,Status,6
0ac45ebf-abaf-52c1-904e-73f962af3ef0,Invloed,Dominantie,6
0ac45ebf-abaf-52c1-904e-73f962af3ef0,Invloed,Competitie,9
0ac45ebf-abaf-52c1-904e-73f962af3ef0,Invloed,Zelfvertoon,4
0ac45ebf-abaf-52c1-904e-73f962af3ef0,Sociabiliteit,Contactbehoefte,4
0ac45ebf-abaf-52c1-904e-73f962af3ef0,Sociabiliteit,Sociaal Ontspannen,3
0ac45ebf-abaf-52c1-904e-73f962af3ef0,Sociabiliteit,Zelfonthulling,9
0ac45ebf-abaf-52c1-904e-73f962af3ef0,Sociabiliteit,Vertrouwen,5
0ac45ebf-abaf-52c1-904e-73f962af3ef0,Sociabiliteit,Hartelijkheid,3
0ac45ebf-abaf-52c1-904e-73f962af3ef0,Sociabiliteit,Zorgzaamheid,6
0ac45ebf-abaf-52c1-904e-73f962af3ef0,Gedrevenheid,Energie,7
0ac45ebf-abaf-52c1-904e-73f962af3ef0,Gedrevenheid,Zelfontwikkeling,8
0ac45ebf-abaf-52c1-904e-73f962af3ef0,Gedrevenheid,Volharding,8
0ac45ebf-abaf-52c1-904e-73f962af3ef0,Gedrevenheid,Variatiebehoefte,8
0ac45ebf-abaf-52c1-904e-73f962af3ef0,Gedrevenheid,Originaliteit,8
0ac45ebf-abaf-52c1-904e-73f962af3ef0,Gedrevenheid,Onafhankelijkheid,7
0ac45ebf-abaf-52c1-904e-73f962af3ef0,Structuur,Ordelijkheid,7
0ac45ebf-abaf-52c1-904e-73f962af3ef0,Structuur,Nauwkeurigheid,6
0ac45ebf-abaf-52c1-904e-73f962af3ef0,Structuur,Regelmaat,4
0ac45ebf-abaf-52c1-904e-73f962af3ef0,Structuur,Conformisme,7
0ac45ebf-abaf-52c1-904e-73f962af3ef0,Structuur,Weloverwogen,2
0ac45ebf-abaf-52c1-904e-73f962af3ef0,Stabiliteit,Zelfvertrouwen,7
0ac45ebf-abaf-52c1-904e-73f962af3ef0,Stabiliteit,Positivisme,7
0ac45ebf-abaf-52c1-904e-73f962af3ef0,Stabiliteit,Frustratietolerantie,3
0ac45ebf-abaf-52c1-904e-73f962af3ef0,Stabiliteit,Incasseringsvermogen,5
82371131-0df5-5703-b77f-6b45c3c4c2d9,Invloed,Status,6
82371131-0df5-5703-b77f-6b45c3c4c2d9,Invloed,Dominantie,3
82371131-0df5-5703-b77f-6b45c3c4c2d9,Invloed,Competitie,4
82371131-0df5-5703-b77f-6b45c3c4c2d9,Invloed,Zelfvertoon,3
82371131-0df5-5703-b77f-6b45c3c4c2d9,Sociabiliteit,Contactbehoefte,3
82371131-0df5-5703-b77f-6b45c3c4c2d9,Sociabiliteit,Sociaal Ontspannen,2
82371131-0df5-5703-b77f-6b45c3c4c2d9,Sociabiliteit,Zelfonthulling,5
82371131-0df5-5703-b77f-6b45c3c4c2d9,Sociabiliteit,Vertrouwen,5
82371131-0df5-5703-b77f-6b45c3c4c2d9,Sociabiliteit,Hartelijkheid,4
82371131-0df5-5703-b77f-6b45c3c4c2d9,Sociabiliteit,Zorgzaamheid,3
82371131-0df5-5703-b77f-6b45c3c4c2d9,Gedrevenheid,Energie,3
82371131-0df5-5703-b77f-6b45c3c4c2d9,Gedrevenheid,Zelfontwikkeling,6
82371131-0df5-5703-b77f-6b45c3c4c2d9,Gedrevenheid,Volharding,6
82371131-0df5-5703-b77f-6b45c3c4c2d9,Gedrevenheid,Variatiebehoefte,2
82371131-0df5-5703-b77f-6b45c3c4c2d9,Gedrevenheid,Originaliteit,5
82371131-0df5-5703-b77f-6b45c3c4c2d9,Gedrevenheid,Onafhankelijkheid,6
82371131-0df5-5703-b77f-6b45c3c4c2d9,Structuur,Ordelijkheid,7
82371131-0df5-5703-b77f-6b45c3c4c2d9,Structuur,Nauwkeurigheid,6
82371131-0df5-5703-b77f-6b45c3c4c2d9,Structuur,Regelmaat,6
82371131-0df5-5703-b77f-6b45c3c4c2d9,Structuur,Conformisme,5
82371131-0df5-5703-b77f-6b45c3c4c2d9,Structuur,Weloverwogen,7
82371131-0df5-5703-b77f-6b45c3c4c2d9,Stabiliteit,Zelfvertrouwen,3
82371131-0df5-5703-b77f-6b45c3c4c2d9,Stabiliteit,Positivisme,5
82371131-0df5-5703-b77f-6b45c3c4c2d9,Stabiliteit,Frustratietolerantie,6
82371131-0df5-5703-b77f-6b45c3c4c2d9,Stabiliteit,Incasseringsvermogen,6
c6323f05-ac11-5726-b4a1-474fa2d166a8,Invloed,Status,7
c6323f05-ac11-5726-b4a1-474fa2d166a8,Invloed,Dominantie,4
c6323f05-ac11-5726-b4a1-474fa2d166a8,Invloed,Competitie,7
c6323f05-ac11-5726-b4a1-474fa2d166a8,Invloed,Zelfvertoon,6
c6323f05-ac11-5726-b4a1-474fa2d166a8,Sociabiliteit,Contactbehoefte,6
c6323f05-ac11-5726-b4a1-474fa2d166a8,Sociabiliteit,Sociaal Ontspannen,6
c6323f05-ac11-5726-b4a1-474fa2d166a8,Sociabiliteit,Zelfonthulling,9
c6323f05-ac11-5726-b4a1-474fa2d166a8,Sociabiliteit,Vertrouwen,7
c6323f05-ac11-5726-b4a1-474fa2d166a8,Sociabiliteit,Hartelijkheid,7
c6323f05-ac11-5726-b4a1-474fa2d166a8,Sociabiliteit,Zorgzaamheid,6
c6323f05-ac11-5726-b4a1-474fa2d166a8,Gedrevenheid,Energie,5
c6323f05-ac11-5726-b4a1-474fa2d166a8,Gedrevenheid,Zelfontwikkeling,7
c6323f05-ac11-5726-b4a1-474fa2d166a8,Gedrevenheid,Volharding,5
c6323f05-ac11-5726-b4a1-474fa2d166a8,Gedrevenheid,Variatiebehoefte,4
c6323f05-ac11-5726-b4a1-474fa2d166a8,Gedrevenheid,Originaliteit,5
c6323f05-ac11-5726-b4a1-474fa2d166a8,Gedrevenheid,Onafhankelijkheid,5
c6323f05-ac11-5726-b4a1-474fa2d166a8,Structuur,Ordelijkheid,5
c6323f05-ac11-5726-b4a1-474fa2d166a8,Structuur,Nauwkeurigheid,7
c6323f05-ac11-5726-b4a1-474fa2d166a8,Structuur,Regelmaat,7
c6323f05-ac11-5726-b4a1-474fa2d166a8,Structuur,Conformisme,7
c6323f05-ac11-5726-b4a1-474fa2d166a8,Structuur,Weloverwogen,7
c6323f05-ac11-5726-b4a1-474fa2d166a8,Stabiliteit,Zelfvertrouwen,4
c6323f05-ac11-5726-b4a1-474fa2d166a8,Stabiliteit,Positivisme,7
c6323f05-ac11-5726-b4a1-474fa2d166a8,Stabiliteit,Frustratietolerantie,8
c6323f05-ac11-5726-b4a1-474fa2d166a8,Stabiliteit,Incasseringsvermogen,6
54607c72-f7f0-5106-874f-ff352975ea48,Invloed,Status,6
54607c72-f7f0-5106-874f-ff352975ea48,Invloed,Dominantie,3
54607c72-f7f0-5106-874f-ff352975ea48,Invloed,Competitie,6
54607c72-f7f0-5106-874f-ff352975ea48,Invloed,Zelfvertoon,5
54607c72-f7f0-5106-874f-ff352975ea48,Sociabiliteit,Contactbehoefte,6
54607c72-f7f0-5106-874f-ff352975ea48,Sociabiliteit,Sociaal Ontspannen,4
54607c72-f7f0-5106-874f-ff352975ea48,Sociabiliteit,Zelfonthulling,5
54607c72-f7f0-5106-874f-ff352975ea48,Sociabiliteit,Vertrouwen,6
54607c72-f7f0-5106-874f-ff352975ea48,Sociabiliteit,Hartelijkheid,6
54607c72-f7f0-5106-874f-ff352975ea48,Sociabiliteit,Zorgzaamheid,7
54607c72-f7f0-5106-874f-ff352975ea48,Gedrevenheid,Energie,4
54607c72-f7f0-5106-874f-ff352975ea48,Gedrevenheid,Zelfontwikkeling,6
54607c72-f7f0-5106-874f-ff352975ea48,Gedrevenheid,Volharding,7
54607c72-f7f0-5106-874f-ff352975ea48,Gedrevenheid,Variatiebehoefte,3
54607c72-f7f0-5106-874f-ff352975ea48,Gedrevenheid,Originaliteit,3
54607c72-f7f0-5106-874f-ff352975ea48,Gedrevenheid,Onafhankelijkheid,3
54607c72-f7f0-5106-874f-ff352975ea48,Structuur,Ordelijkheid,7
54607c72-f7f0-5106-874f-ff352975ea48,Structuur,Nauwkeurigheid,6
54607c72-f7f0-5106-874f-ff352975ea48,Structuur,Regelmaat,6
54607c72-f7f0-5106-874f-ff352975ea48,Structuur,Conformisme,7
54607c72-f7f0-5106-874f-ff352975ea48,Structuur,Weloverwogen,6
54607c72-f7f0-5106-874f-ff352975ea48,Stabiliteit,Zelfvertrouwen,1
54607c72-f7f0-5106-874f-ff352975ea48,Stabiliteit,Positivisme,5
54607c72-f7f0-5106-874f-ff352975ea48,Stabiliteit,Frustratietolerantie,3
54607c72-f7f0-5106-874f-ff352975ea48,Stabiliteit,Incasseringsvermogen,3
fe1661b9-4971-54a3-b310-1b7dadb63fcc,Invloed,Status,6
fe1661b9-4971-54a3-b310-1b7dadb63fcc,Invloed,Dominantie,7
fe1661b9-4971-54a3-b310-1b7dadb63fcc,Invloed,Competitie,5
fe1661b9-4971-54a3-b310-1b7dadb63fcc,Invloed,Zelfvertoon,6
fe1661b9-4971-54a3-b310-1b7dadb63fcc,Sociabiliteit,Contactbehoefte,9
fe1661b9-4971-54a3-b310-1b7dadb63fcc,Sociabiliteit,Sociaal Ontspannen,7
fe1661b9-4971-54a3-b310-1b7dadb63fcc,Sociabiliteit,Zelfonthulling,8
fe1661b9-4971-54a3-b310-1b7dadb63fcc,Sociabiliteit,Vertrouwen,8
fe1661b9-4971-54a3-b310-1b7dadb63fcc,Sociabiliteit,Hartelijkheid,7
fe1661b9-4971-54a3-b310-1b7dadb63fcc,Sociabiliteit,Zorgzaamheid,6
fe1661b9-4971-54a3-b310-1b7dadb63fcc,Gedrevenheid,Energie,8
fe1661b9-4971-54a3-b310-1b7dadb63fcc,Gedrevenheid,Zelfontwikkeling,6
fe1661b9-4971-54a3-b310-1b7dadb63fcc,Gedrevenheid,Volharding,7
fe1661b9-4971-54a3-b310-1b7dadb63fcc,Gedrevenheid,Variatiebehoefte,7
fe1661b9-4971-54a3-b310-1b7dadb63fcc,Gedrevenheid,Originaliteit,5
fe1661b9-4971-54a3-b310-1b7dadb63fcc,Gedrevenheid,Onafhankelijkheid,6
fe1661b9-4971-54a3-b310-1b7dadb63fcc,Structuur,Ordelijkheid,7
fe1661b9-4971-54a3-b310-1b7dadb63fcc,Structuur,Nauwkeurigheid,6
fe1661b9-4971-54a3-b310-1b7dadb63fcc,Structuur,Regelmaat,6
fe1661b9-4971-54a3-b310-1b7dadb63fcc,Structuur,Conformisme,6
fe1661b9-4971-54a3-b310-1b7dadb63fcc,Structuur,Weloverwogen,8
fe1661b9-4971-54a3-b310-1b7dadb63fcc,Stabiliteit,Zelfvertrouwen,5
fe1661b9-4971-54a3-b310-1b7dadb63fcc,Stabiliteit,Positivisme,6
fe1661b9-4971-54a3-b310-1b7dadb63fcc,Stabiliteit,Frustratietolerantie,8
fe1661b9-4971-54a3-b310-1b7dadb63fcc,Stabiliteit,Incasseringsvermogen,5
debd2b0d-0e57-5d40-90ef-74cdb7758757,Invloed,Status,5
debd2b0d-0e57-5d40-90ef-74cdb7758757,Invloed,Dominantie,6
debd2b0d-0e57-5d40-90ef-74cdb7758757,Invloed,Competitie,6
debd2b0d-0e57-5d40-90ef-74cdb7758757,Invloed,Zelfvertoon,7
debd2b0d-0e57-5d40-90ef-74cdb7758757,Sociabiliteit,Contactbehoefte,6
debd2b0d-0e57-5d40-90ef-74cdb7758757,Sociabiliteit,Sociaal Ontspannen,7
debd2b0d-0e57-5d40-90ef-74cdb7758757,Sociabiliteit,Zelfonthulling,9
debd2b0d-0e57-5d40-90ef-74cdb7758757,Sociabiliteit,Vertrouwen,8
debd2b0d-0e57-5d40-90ef-74cdb7758757,Sociabiliteit,Hartelijkheid,6
debd2b0d-0e57-5d40-90ef-74cdb7758757,Sociabiliteit,Zorgzaamheid,7
debd2b0d-0e57-5d40-90ef-74cdb7758757,Gedrevenheid,Energie,5
debd2b0d-0e57-5d40-90ef-74cdb7758757,Gedrevenheid,Zelfontwikkeling,7
debd2b0d-0e57-5d40-90ef-74cdb7758757,Gedrevenheid,Volharding,5
debd2b0d-0e57-5d40-90ef-74cdb7758757,Gedrevenheid,Variatiebehoefte,6
debd2b0d-0e57-5d40-90ef-74cdb7758757,Gedrevenheid,Originaliteit,5
debd2b0d-0e57-5d40-90ef-74cdb7758757,Gedrevenheid,Onafhankelijkheid,6
debd2b0d-0e57-5d40-90ef-74cdb7758757,Structuur,Ordelijkheid,5
debd2b0d-0e57-5d40-90ef-74cdb7758757,Structuur,Nauwkeurigheid,6
debd2b0d-0e57-5d40-90ef-74cdb7758757,Structuur,Regelmaat,8
debd2b0d-0e57-5d40-90ef-74cdb7758757,Structuur,Conformisme,7
debd2b0d-0e57-5d40-90ef-74cdb7758757,Structuur,Weloverwogen,6
debd2b0d-0e57-5d40-90ef-74cdb7758757,Stabiliteit,Zelfvertrouwen,4
debd2b0d-0e57-5d40-90ef-74cdb7758757,Stabiliteit,Positivisme,5
debd2b0d-0e57-5d40-90ef-74cdb7758757,Stabiliteit,Frustratietolerantie,6
debd2b0d-0e57-5d40-90ef-74cdb7758757,Stabiliteit,Incasseringsvermogen,4
1d86b3eb-82cf-5248-9a19-5472e1913b44,Invloed,Status,4
1d86b3eb-82cf-5248-9a19-5472e1913b44,Invloed,Dominantie,3
1d86b3eb-82cf-5248-9a19-5472e1913b44,Invloed,Competitie,6
1d86b3eb-82cf-5248-9a19-5472e1913b44,Invloed,Zelfvertoon,5
1d86b3eb-82cf-5248-9a19-5472e1913b44,Sociabiliteit,Contactbehoefte,6
1d86b3eb-82cf-5248-9a19-5472e1913b44,Sociabiliteit,Sociaal Ontspannen,4
1d86b3eb-82cf-5248-9a19-5472e1913b44,Sociabiliteit,Zelfonthulling,4
1d86b3eb-82cf-5248-9a19-5472e1913b44,Sociabiliteit,Vertrouwen,7
1d86b3eb-82cf-5248-9a19-5472e1913b44,Sociabiliteit,Hartelijkheid,5
1d86b3eb-82cf-5248-9a19-5472e1913b44,Sociabiliteit,Zorgzaamheid,5
1d86b3eb-82cf-5248-9a19-5472e1913b44,Gedrevenheid,Energie,3
1d86b3eb-82cf-5248-9a19-5472e1913b44,Gedrevenheid,Zelfontwikkeling,6
1d86b3eb-82cf-5248-9a19-5472e1913b44,Gedrevenheid,Volharding,4
1d86b3eb-82cf-5248-9a19-5472e1913b44,Gedrevenheid,Variatiebehoefte,5
1d86b3eb-82cf-5248-9a19-5472e1913b44,Gedrevenheid,Originaliteit,4
1d86b3eb-82cf-5248-9a19-5472e1913b44,Gedrevenheid,Onafhankelijkheid,4
1d86b3eb-82cf-5248-9a19-5472e1913b44,Structuur,Ordelijkheid,7
1d86b3eb-82cf-5248-9a19-5472e1913b44,Structuur,Nauwkeurigheid,7
1d86b3eb-82cf-5248-9a19-5472e1913b44,Structuur,Regelmaat,7
1d86b3eb-82cf-5248-9a19-5472e1913b44,Structuur,Conformisme,6
1d86b3eb-82cf-5248-9a19-5472e1913b44,Structuur,Weloverwogen,6
1d86b3eb-82cf-5248-9a19-5472e1913b44,Stabiliteit,Zelfvertrouwen,4
1d86b3eb-82cf-5248-9a19-5472e1913b44,Stabiliteit,Positivisme,5
1d86b3eb-82cf-5248-9a19-5472e1913b44,Stabiliteit,Frustratietolerantie,6
1d86b3eb-82cf-5248-9a19-5472e1913b44,Stabiliteit,Incasseringsvermogen,5
a992c073-f865-5a4d-acd2-1ec24f2db87e,Invloed,Status,5
a992c073-f865-5a4d-acd2-1ec24f2db87e,Invloed,Dominantie,6
a992c073-f865-5a4d-acd2-1ec24f2db87e,Invloed,Competitie,4
a992c073-f865-5a4d-acd2-1ec24f2db87e,Invloed,Zelfvertoon,4
a992c073-f865-5a4d-acd2-1ec24f2db87e,Sociabiliteit,Contactbehoefte,4
a992c073-f865-5a4d-acd2-1ec24f2db87e,Sociabiliteit,Sociaal Ontspannen,3
a992c073-f865-5a4d-acd2-1ec24f2db87e,Sociabiliteit,Zelfonthulling,5
a992c073-f865-5a4d-acd2-1ec24f2db87e,Sociabiliteit,Vertrouwen,6
a992c073-f865-5a4d-acd2-1ec24f2db87e,Sociabiliteit,Hartelijkheid,4
a992c073-f865-5a4d-acd2-1ec24f2db87e,Sociabiliteit,Zorgzaamheid,6
a992c073-f865-5a4d-acd2-1ec24f2db87e,Gedrevenheid,Energie,3
a992c073-f865-5a4d-acd2-1ec24f2db87e,Gedrevenheid,Zelfontwikkeling,5
a992c073-f865-5a4d-acd2-1ec24f2db87e,Gedrevenheid,Volharding,5
a992c073-f865-5a4d-acd2-1ec24f2db87e,Gedrevenheid,Variatiebehoefte,3
a992c073-f865-5a4d-acd2-1ec24f2db87e,Gedrevenheid,Originaliteit,6
a992c073-f865-5a4d-acd2-1ec24f2db87e,Gedrevenheid,Onafhankelijkheid,5
a992c073-f865-5a4d-acd2-1ec24f2db87e,Structuur,Ordelijkheid,4
a992c073-f865-5a4d-acd2-1ec24f2db87e,Structuur,Nauwkeurigheid,6
a992c073-f865-5a4d-acd2-1ec24f2db87e,Structuur,Regelmaat,7
a992c073-f865-5a4d-acd2-1ec24f2db87e,Structuur,Conformisme,6
a992c073-f865-5a4d-acd2-1ec24f2db87e,Structuur,Weloverwogen,8
a992c073-f865-5a4d-acd2-1ec24f2db87e,Stabiliteit,Zelfvertrouwen,5
a992c073-f865-5a4d-acd2-1ec24f2db87e,Stabiliteit,Positivisme,8
a992c073-f865-5a4d-acd2-1ec24f2db87e,Stabiliteit,Frustratietolerantie,8
a992c073-f865-5a4d-acd2-1ec24f2db87e,Stabiliteit,Incasseringsvermogen,6
0b8c4ad8-0c0a-58a8-9c41-6afa58400dc3,Invloed,Status,7
0b8c4ad8-0c0a-58a8-9c41-6afa58400dc3,Invloed,Dominantie,5
0b8c4ad8-0c0a-58a8-9c41-6afa58400dc3,Invloed,Competitie,7
0b8c4ad8-0c0a-58a8-9c41-6afa58400dc3,Invloed,Zelfvertoon,3
0b8c4ad8-0c0a-58a8-9c41-6afa58400dc3,Sociabiliteit,Contactbehoefte,3
0b8c4ad8-0c0a-58a8-9c41-6afa58400dc3,Sociabiliteit,Sociaal Ontspannen,1
0b8c4ad8-0c0a-58a8-9c41-6afa58400dc3,Sociabiliteit,Zelfonthulling,3
0b8c4ad8-0c0a-58a8-9c41-6afa58400dc3,Sociabiliteit,Vertrouwen,7
0b8c4ad8-0c0a-58a8-9c41-6afa58400dc3,Sociabiliteit,Hartelijkheid,2
0b8c4ad8-0c0a-58a8-9c41-6afa58400dc3,Sociabiliteit,Zorgzaamheid,4
0b8c4ad8-0c0a-58a8-9c41-6afa58400dc3,Gedrevenheid,Energie,3
0b8c4ad8-0c0a-58a8-9c41-6afa58400dc3,Gedrevenheid,Zelfontwikkeling,6
0b8c4ad8-0c0a-58a8-9c41-6afa58400dc3,Gedrevenheid,Volharding,4
0b8c4ad8-0c0a-58a8-9c41-6afa58400dc3,Gedrevenheid,Variatiebehoefte,5
0b8c4ad8-0c0a-58a8-9c41-6afa58400dc3,Gedrevenheid,Originaliteit,8
0b8c4ad8-0c0a-58a8-9c41-6afa58400dc3,Gedrevenheid,Onafhankelijkheid,6
0b8c4ad8-0c0a-58a8-9c41-6afa58400dc3,Structuur,Ordelijkheid,3
0b8c4ad8-0c0a-58a8-9c41-6afa58400dc3,Structuur,Nauwkeurigheid,5
0b8c4ad8-0c0a-58a8-9c41-6afa58400dc3,Structuur,Regelmaat,6
0b8c4ad8-0c0a-58a8-9c41-6afa58400dc3,Structuur,Conformisme,6
0b8c4ad8-0c0a-58a8-9c41-6afa58400dc3,Structuur,Weloverwogen,6
0b8c4ad8-0c0a-58a8-9c41-6afa58400dc3,Stabiliteit,Zelfvertrouwen,2
0b8c4ad8-0c0a-58a8-9c41-6afa58400dc3,Stabiliteit,Positivisme,3
0b8c4ad8-0c0a-58a8-9c41-6afa58400dc3,Stabiliteit,Frustratietolerantie,6
0b8c4ad8-0c0a-58a8-9c41-6afa58400dc3,Stabiliteit,Incasseringsvermogen,4
230154a9-def4-5404-a86e-ec8626ee4c95,Invloed,Status,3
230154a9-def4-5404-a86e-ec8626ee4c95,Invloed,Dominantie,5
230154a9-def4-5404-a86e-ec8626ee4c95,Invloed,Competitie,2
230154a9-def4-5404-a86e-ec8626ee4c95,Invloed,Zelfvertoon,6
230154a9-def4-5404-a86e-ec8626ee4c95,Sociabiliteit,Contactbehoefte,4
230154a9-def4-5404-a86e-ec8626ee4c95,Sociabiliteit,Sociaal Ontspannen,4
230154a9-def4-5404-a86e-ec8626ee4c95,Sociabiliteit,Zelfonthulling,7
230154a9-def4-5404-a86e-ec8626ee4c95,Sociabiliteit,Vertrouwen,4
230154a9-def4-5404-a86e-ec8626ee4c95,Sociabiliteit,Hartelijkheid,4
230154a9-def4-5404-a86e-ec8626ee4c95,Sociabiliteit,Zorgzaamheid,7
230154a9-def4-5404-a86e-ec8626ee4c95,Gedrevenheid,Energie,2
230154a9-def4-5404-a86e-ec8626ee4c95,Gedrevenheid,Zelfontwikkeling,4
230154a9-def4-5404-a86e-ec8626ee4c95,Gedrevenheid,Volharding,3
230154a9-def4-5404-a86e-ec8626ee4c95,Gedrevenheid,Variatiebehoefte,3
230154a9-def4-5404-a86e-ec8626ee4c95,Gedrevenheid,Originaliteit,6
230154a9-def4-5404-a86e-ec8626ee4c95,Gedrevenheid,Onafhankelijkheid,6
230154a9-def4-5404-a86e-ec8626ee4c95,Structuur,Ordelijkheid,3
230154a9-def4-5404-a86e-ec8626ee4c95,Structuur,Nauwkeurigheid,3
230154a9-def4-5404-a86e-ec8626ee4c95,Structuur,Regelmaat,7
230154a9-def4-5404-a86e-ec8626ee4c95,Structuur,Conformisme,5
230154a9-def4-5404-a86e-ec8626ee4c95,Structuur,Weloverwogen,6
230154a9-def4-5404-a86e-ec8626ee4c95,Stabiliteit,Zelfvertrouwen,5
230154a9-def4-5404-a86e-ec8626ee4c95,Stabiliteit,Positivisme,4
230154a9-def4-5404-a86e-ec8626ee4c95,Stabiliteit,Frustratietolerantie,5
230154a9-def4-5404-a86e-ec8626ee4c95,Stabiliteit,Incasseringsvermogen,6
de12a2c7-d545-55e2-bd43-69fab0a50149,Invloed,Status,7
de12a2c7-d545-55e2-bd43-69fab0a50149,Invloed,Dominantie,4
de12a2c7-d545-55e2-bd43-69fab0a50149,Invloed,Competitie,3
de12a2c7-d545-55e2-bd43-69fab0a50149,Invloed,Zelfvertoon,4
de12a2c7-d545-55e2-bd43-69fab0a50149,Sociabiliteit,Contactbehoefte,5
de12a2c7-d545-55e2-bd43-69fab0a50149,Sociabiliteit,Sociaal Ontspannen,3
de12a2c7-d545-55e2-bd43-69fab0a50149,Sociabiliteit,Zelfonthulling,7
de12a2c7-d545-55e2-bd43-69fab0a50149,Sociabiliteit,Vertrouwen,7
de12a2c7-d545-55e2-bd43-69fab0a50149,Sociabiliteit,Hartelijkheid,3
de12a2c7-d545-55e2-bd43-69fab0a50149,Sociabiliteit,Zorgzaamheid,5
de12a2c7-d545-55e2-bd43-69fab0a50149,Gedrevenheid,Energie,3
de12a2c7-d545-55e2-bd43-69fab0a50149,Gedrevenheid,Zelfontwikkeling,7
de12a2c7-d545-55e2-bd43-69fab0a50149,Gedrevenheid,Volharding,6
de12a2c7-d545-55e2-bd43-69fab0a50149,Gedrevenheid,Variatiebehoefte,5
de12a2c7-d545-55e2-bd43-69fab0a50149,Gedrevenheid,Originaliteit,3
de12a2c7-d545-55e2-bd43-69fab0a50149,Gedrevenheid,Onafhankelijkheid,4
de12a2c7-d545-55e2-bd43-69fab0a50149,Structuur,Ordelijkheid,4
de12a2c7-d545-55e2-bd43-69fab0a50149,Structuur,Nauwkeurigheid,3
de12a2c7-d545-55e2-bd43-69fab0a50149,Structuur,Regelmaat,6
de12a2c7-d545-55e2-bd43-69fab0a50149,Structuur,Conformisme,7
de12a2c7-d545-55e2-bd43-69fab0a50149,Structuur,Weloverwogen,5
de12a2c7-d545-55e2-bd43-69fab0a50149,Stabiliteit,Zelfvertrouwen,3
de12a2c7-d545-55e2-bd43-69fab0a50149,Stabiliteit,Positivisme,5
de12a2c7-d545-55e2-bd43-69fab0a50149,Stabiliteit,Frustratietolerantie,4
de12a2c7-d545-55e2-bd43-69fab0a50149,Stabiliteit,Incasseringsvermogen,6
